,tweet_id,Tweet_Text,doggo,floofer,pupper,puppo,Rating,Rating_Numerator,Rating_Denominator
0,892420643555336193,This is Phineas. He's a mystical boy. Only ever appears in the hole of a donut. 13/10 https://t.co/MgUWQ76dJU,[],[],[],[],"['13', '10']",['13'],['10']
1,892177421306343426,"This is Tilly. She's just checking pup on you. Hopes you're doing ok. If not, she's available for pats, snugs, boops, the whole bit. 13/10 https://t.co/0Xxu71qeIV",[],[],[],[],"['13', '10']",['13'],['10']
2,891815181378084864,This is Archie. He is a rare Norwegian Pouncing Corgo. Lives in the tall grass. You never know when one may strike. 12/10 https://t.co/wUnZnhtVJB,[],[],[],[],"['12', '10']",['12'],['10']
3,891689557279858688,This is Darla. She commenced a snooze mid meal. 13/10 happens to the best of us https://t.co/tD36da7qLQ,[],[],[],[],"['13', '10']",['13'],['10']
4,891327558926688256,"This is Franklin. He would like you to stop calling him ""cute."" He is a very fierce shark and should be respected as such. 12/10 #BarkWeek https://t.co/AtUZn91f7f",[],[],[],[],"['12', '10']",['12'],['10']
5,891087950875897856,Here we have a majestic great white breaching off South Africa's coast. Absolutely h*ckin breathtaking. 13/10 (IG: tucker_marlo) #BarkWeek https://t.co/kQ04fDDRmh,[],[],[],[],"['13', '10']",['13'],['10']
6,890971913173991426,"Meet Jax. He enjoys ice cream so much he gets nervous around it. 13/10 help Jax enjoy more things by clicking below

https://t.co/Zr4hWfAs1H https://t.co/tVJBRMnhxl",[],[],[],[],"['13', '10']",['13'],['10']
7,890729181411237888,When you watch your owner call another dog a good boy but then they turn back to you and say you're a great boy. 13/10 https://t.co/v0nONBcwxq,[],[],[],[],"['13', '10']",['13'],['10']
8,890609185150312448,This is Zoey. She doesn't want to be one of the scary sharks. Just wants to be a snuggly pettable boatpet. 13/10 #BarkWeek https://t.co/9TwLuAGH0b,[],[],[],[],"['13', '10']",['13'],['10']
9,890240255349198849,This is Cassie. She is a college pup. Studying international doggo communication and stick theory. 14/10 so elegant much sophisticate https://t.co/t1bfwz5S2A,['doggo'],[],[],[],"['14', '10']",['14'],['10']
10,890006608113172480,This is Koda. He is a South Australian deckshark. Deceptively deadly. Frighteningly majestic. 13/10 would risk a petting #BarkWeek https://t.co/dVPW0B0Mme,[],[],[],[],"['13', '10']",['13'],['10']
11,889880896479866881,This is Bruno. He is a service shark. Only gets out of the water to assist you. 13/10 terrifyingly good boy https://t.co/u1XPQMl29g,[],[],[],[],"['13', '10']",['13'],['10']
12,889665388333682689,Here's a puppo that seems to be on the fence about something haha no but seriously someone help her. 13/10 https://t.co/BxvuXk0UCm,[],[],[],['puppo'],"['13', '10']",['13'],['10']
13,889638837579907072,This is Ted. He does his best. Sometimes that's not enough. But it's ok. 12/10 would assist https://t.co/f8dEDcrKSR,[],[],[],[],"['12', '10']",['12'],['10']
14,889531135344209921,This is Stuart. He's sporting his favorite fanny pack. Secretly filled with bones only. 13/10 puppared puppo #BarkWeek https://t.co/y70o6h3isq,[],[],[],['puppo'],"['13', '10']",['13'],['10']
15,889278841981685760,This is Oliver. You're witnessing one of his many brutal attacks. Seems to be playing with his victim. 13/10 fr*ckin frightening #BarkWeek https://t.co/WpHvrQedPb,[],[],[],[],"['13', '10']",['13'],['10']
16,888917238123831296,This is Jim. He found a fren. Taught him how to sit like the good boys. 12/10 for both https://t.co/chxruIOUJN,[],[],[],[],"['12', '10']",['12'],['10']
17,888804989199671297,This is Zeke. He has a new stick. Very proud of it. Would like you to throw it for him without taking it. 13/10 would do my best https://t.co/HTQ77yNQ5K,[],[],[],[],"['13', '10']",['13'],['10']
18,888554962724278272,This is Ralphus. He's powering up. Attempting maximum borkdrive. 13/10 inspirational af https://t.co/YnYAFCTTiK,[],[],[],[],"['13', '10']",['13'],['10']
19,888078434458587136,This is Gerald. He was just told he didn't get the job he interviewed for. A h*ckin injustice. 12/10 didn't want the job anyway https://t.co/DK7iDPfuRX,[],[],[],[],"['12', '10']",['12'],['10']
20,887705289381826560,This is Jeffrey. He has a monopoly on the pool noodles. Currently running a 'boop for two' midweek sale. 13/10 h*ckin strategic https://t.co/PhrUk20Q64,[],[],[],[],"['13', '10']",['13'],['10']
21,887517139158093824,I've yet to rate a Venezuelan Hover Wiener. This is such an honor. 14/10 paw-inspiring af (IG: roxy.thedoxy) https://t.co/20VrLAA8ba,[],[],[],[],"['14', '10']",['14'],['10']
22,887473957103951883,This is Canela. She attempted some fancy porch pics. They were unsuccessful. 13/10 someone help her https://t.co/cLyzpcUcMX,[],[],[],[],"['13', '10']",['13'],['10']
23,887343217045368832,You may not have known you needed to see this today. 13/10 please enjoy (IG: emmylouroo) https://t.co/WZqNqygEyV,[],[],[],[],"['13', '10']",['13'],['10']
24,887101392804085760,This... is a Jubilant Antarctic House Bear. We only rate dogs. Please only send dogs. Thank you... 12/10 would suffocate in floof https://t.co/4Ad1jzJSdp,[],[],[],[],"['12', '10']",['12'],['10']
25,886983233522544640,This is Maya. She's very shy. Rarely leaves her cup. 13/10 would find her an environment to thrive in https://t.co/I6oNy0CgiT,[],[],[],[],"['13', '10']",['13'],['10']
26,886736880519319552,"This is Mingus. He's a wonderful father to his smol pup. Confirmed 13/10, but he needs your help

https://t.co/bVi0Yr4Cff https://t.co/ISvKOSkd5b",[],[],[],[],"['13', '10']",['13'],['10']
27,886680336477933568,This is Derek. He's late for a dog meeting. 13/10 pet...al to the metal https://t.co/BCoWue0abA,[],[],[],[],"['13', '10']",['13'],['10']
28,886366144734445568,This is Roscoe. Another pupper fallen victim to spontaneous tongue ejections. Get the BlepiPen immediate. 12/10 deep breaths Roscoe https://t.co/RGE08MIJox,[],[],['pupper'],[],"['12', '10']",['12'],['10']
29,886267009285017600,@NonWhiteHat @MayhewMayhem omg hello tanner you are a scary good boy 12/10 would pet with extreme caution,[],[],[],[],"['12', '10']",['12'],['10']
30,886258384151887873,This is Waffles. His doggles are pupside down. Unsure how to fix. 13/10 someone assist Waffles https://t.co/xZDA9Qsq1O,[],[],[],[],"['13', '10']",['13'],['10']
31,886054160059072513,RT @Athletics: 12/10 #BATP https://t.co/WxwJmvjfxo,[],[],[],[],"['12', '10']",['12'],['10']
32,885984800019947520,Viewer discretion advised. This is Jimbo. He will rip ur finger right h*ckin off. Other dog clearly an accessory. 12/10 pls pet with caution https://t.co/BuveP0uMF1,[],[],[],[],"['12', '10']",['12'],['10']
33,885528943205470208,This is Maisey. She fell asleep mid-excavation. Happens to the best of us. 13/10 would pat noggin approvingly https://t.co/tp1kQ8i9JF,[],[],[],[],"['13', '10']",['13'],['10']
34,885518971528720385,I have a new hero and his name is Howard. 14/10 https://t.co/gzLHboL7Sk,[],[],[],[],"['14', '10']",['14'],['10']
35,885311592912609280,RT @dog_rates: This is Lilly. She just parallel barked. Kindly requests a reward now. 13/10 would pet so well https://t.co/SATN4If5H5,[],[],[],[],"['13', '10']",['13'],['10']
36,885167619883638784,Here we have a corgi undercover as a malamute. Pawbably doing important investigative work. Zero control over tongue happenings. 13/10 https://t.co/44ItaMubBf,[],[],[],[],"['13', '10']",['13'],['10']
37,884925521741709313,"This is Earl. He found a hat. Nervous about what you think of it. 12/10 it's delightful, Earl https://t.co/MYJvdlNRVa",[],[],[],[],"['12', '10']",['12'],['10']
38,884876753390489601,This is Lola. It's her first time outside. Must test the earth and taste the atmosphere. 13/10 you're doing great Lola https://t.co/74TKAUsLkO,[],[],[],[],"['13', '10']",['13'],['10']
39,884562892145688576,This is Kevin. He's just so happy. 13/10 what is your secret Kevin https://t.co/1r4MFCbCX5,[],[],[],[],"['13', '10']",['13'],['10']
40,884441805382717440,"I present to you, Pup in Hat. Pup in Hat is great for all occasions. Extremely versatile. Compact as h*ck. 14/10 (IG: itselizabethgales) https://t.co/vvBOcC2VdC",[],[],[],[],"['14', '10']",['14'],['10']
41,884247878851493888,OMG HE DIDN'T MEAN TO HE WAS JUST TRYING A LITTLE BARKOUR HE'S SUPER SORRY 13/10 WOULD FORGIVE IMMEDIATE https://t.co/uF3pQ8Wubj,[],[],[],[],"['13', '10']",['13'],['10']
42,884162670584377345,Meet Yogi. He doesn't have any important dog meetings today he just enjoys looking his best at all times. 12/10 for dangerously dapper doggo https://t.co/YSI00BzTBZ,['doggo'],[],[],[],"['12', '10']",['12'],['10']
43,883838122936631299,This is Noah. He can't believe someone made this mess. Got the vacuum out for you though. Offered to help clean pup. 12/10 super good boy https://t.co/V85xujjDDY,[],[],[],[],"['12', '10']",['12'],['10']
44,883482846933004288,"This is Bella. She hopes her smile made you smile. If not, she is also offering you her favorite monkey. 13.5/10 https://t.co/qjrljjt948",[],[],[],[],"['13', '5', '10']",['13'],"['5', '10']"
45,883360690899218434,Meet Grizzwald. He may be the floofiest floofer I ever did see. Lost eyes saving a schoolbus from a volcano erpuption. 13/10 heroic as h*ck https://t.co/rf661IFEYP,[],['floofer'],[],[],"['13', '10']",['13'],['10']
46,883117836046086144,"Please only send dogs. We don't rate mechanics, no matter how h*ckin good. Thank you... 13/10 would sneak a pat https://t.co/Se5fZ9wp5E",[],[],[],[],"['13', '10']",['13'],['10']
47,882992080364220416,This is Rusty. He wasn't ready for the first pic. Clearly puppared for the second. 13/10 confirmed great boy https://t.co/tyER0KpdXj,[],[],[],[],"['13', '10']",['13'],['10']
48,882762694511734784,This is Gus. He's quite the cheeky pupper. Already perfected the disinterested wink. 12/10 would let steal my girl https://t.co/D43I96SlVu,[],[],['pupper'],[],"['12', '10']",['12'],['10']
49,882627270321602560,This is Stanley. He has his first swim lesson today. Doggle straps adjusted. Ready to go. 13/10 Phelps is nervous (IG: stanleythe_corgi) https://t.co/Nx52PGwH94,[],[],[],[],"['13', '10']",['13'],['10']
50,882268110199369728,This is Alfy. You're witnessing his first watermelon experience. I think it was a success. 13/10 happy 4th Alfy ðŸ‡ºðŸ‡¸ https://t.co/fYP5RlutfA,[],[],[],[],"['13', '10']",['13'],['10']
51,882045870035918850,"This is Koko. Her owner, inspired by Barney, recently built a cart for her to use during walks if she got tired. 13/10 rest easy Koko https://t.co/zeDpnsKX7w",[],[],[],[],"['13', '10']",['13'],['10']
52,881906580714921986,This is Rey. He's a Benebop Cumberfloof. 12/10 dangerously pettable https://t.co/503CgWbhxQ,[],[],[],[],"['12', '10']",['12'],['10']
53,881666595344535552,This is Gary. He couldn't miss this puppertunity for a selfie. Flawless focusing skills. 13/10 would boop intensely https://t.co/7CSWCl8I6s,[],[],['pupper'],[],"['13', '10']",['13'],['10']
54,881633300179243008,@roushfenway These are good dogs but 17/10 is an emotional impulse rating. More like 13/10s,[],[],[],[],"['17', '10', '13']",['17'],"['10', '13']"
55,881536004380872706,"Here is a pupper approaching maximum borkdrive. Zooming at never before seen speeds. 14/10 paw-inspiring af 
(IG: puffie_the_chow) https://t.co/ghXBIIeQZF",[],[],['pupper'],[],"['14', '10']",['14'],['10']
56,881268444196462592,Meet Elliot. He's a Canadian Forrest Pup. Unusual number of antlers for a dog. Sneaky tongue slip to celebrate #Canada150. 12/10 would pet https://t.co/cgwJwowTMC,[],[],[],[],"['12', '10']",['12'],['10']
57,880935762899988482,This is Louis. He's crossing. It's a big deal. 13/10 h*ckin breathtaking https://t.co/D0wb1GlKAt,[],[],[],[],"['13', '10']",['13'],['10']
58,880872448815771648,Ugh not again. We only rate dogs. Please don't send in well-dressed  floppy-tongued street penguins. Dogs only please. Thank you... 12/10 https://t.co/WiAMbTkDPf,[],[],[],[],"['12', '10']",['12'],['10']
59,880465832366813184,This is Bella. She had her first beach experience this morning. Complete success. 12/10 would perform a sandy boop https://t.co/4VsFysDmiw,[],[],[],[],"['12', '10']",['12'],['10']
60,880221127280381952,Meet Jesse. He's a Fetty Woof. His tongue ejects without warning. A true bleptomaniac. 12/10 would snug well https://t.co/fUod0tVmvK,[],[],[],[],"['12', '10']",['12'],['10']
61,880095782870896641,Please don't send in photos without dogs in them. We're not @porch_rates. Insubordinate and churlish. Pretty good porch tho 11/10 https://t.co/HauE8M3Bu4,[],[],[],[],"['11', '10']",['11'],['10']
62,879862464715927552,This is Romeo. He would like to do an entrance. Requesting your immediate assistance. 13/10 https://t.co/Qh5aEkRQm9,[],[],[],[],"['13', '10']",['13'],['10']
63,879674319642796034,@RealKentMurphy 14/10 confirmed,[],[],[],[],"['14', '10']",['14'],['10']
64,879492040517615616,This is Bailey. He thinks you should measure ear length for signs of growth instead. 12/10 https://t.co/IxM9IMKQq8,[],[],[],[],"['12', '10']",['12'],['10']
65,879415818425184262,This is Duddles. He did an attempt. 13/10 someone help him (vid by Georgia Felici) https://t.co/UDT7ZkcTgY,[],[],[],[],"['13', '10']",['13'],['10']
66,879376492567855104,This is Jack AKA Stephen Furry. You're not scoring on him. Unless he slips down the slide. 12/10 would happily get blocked by https://t.co/0gOi601EAa,[],[],[],[],"['12', '10']",['12'],['10']
67,879130579576475649,RT @dog_rates: This is Emmy. She was adopted today. Massive round of pupplause for Emmy and her new family. 14/10 for all involved https://â€¦,[],[],[],[],"['14', '10']",['14'],['10']
68,879050749262655488,This is Steven. He has trouble relating to other dogs. Quite shy. Neck longer than average. Tropical probably. 11/10 would still pet https://t.co/2mJCDEJWdD,[],[],[],[],"['11', '10']",['11'],['10']
69,879008229531029506,This is Beau. That is Beau's balloon. He takes it everywhere. 13/10 would protect at all costs https://t.co/YDtpCjIPKN,[],[],[],[],"['13', '10']",['13'],['10']
70,878776093423087618,This is Snoopy. He's a proud #PrideMonthPuppo. Impeccable handwriting for not having thumbs. 13/10 would love back #PrideMonth https://t.co/lNZwgNO4gS,[],[],[],['Puppo'],"['13', '10']",['13'],['10']
71,878604707211726852,Martha is stunning how h*ckin dare you. 13/10 https://t.co/9uABQXgjwa,[],[],[],[],"['13', '10']",['13'],['10']
72,878404777348136964,"RT @dog_rates: Meet Shadow. In an attempt to reach maximum zooming borkdrive, he tore his ACL. Still 13/10 tho. Help him out below

https:/â€¦",[],[],[],[],"['13', '10']",['13'],['10']
73,878316110768087041,RT @dog_rates: Meet Terrance. He's being yelled at because he stapled the wrong stuff together. 11/10 hang in there Terrance https://t.co/iâ€¦,[],[],[],[],"['11', '10']",['11'],['10']
74,878281511006478336,"Meet Shadow. In an attempt to reach maximum zooming borkdrive, he tore his ACL. Still 13/10 tho. Help him out below

https://t.co/245xJJElsY https://t.co/lUiQH219v6",[],[],[],[],"['13', '10']",['13'],['10']
75,878057613040115712,This is Emmy. She was adopted today. Massive round of pupplause for Emmy and her new family. 14/10 for all involved https://t.co/cwtWnHMVpe,[],[],[],[],"['14', '10']",['14'],['10']
76,877736472329191424,This is Aja. She was just told she's a good dog. Suspicions confirmed. 13/10 would tell again https://t.co/lsPyyAiF1r,[],[],[],[],"['13', '10']",['13'],['10']
77,877611172832227328,RT @rachel2195: @dog_rates the boyfriend and his soaking wet pupper h*cking love his new hat 14/10 https://t.co/dJx4Gzc50G,[],[],['pupper'],[],"['14', '10']",['14'],['10']
78,877556246731214848,This is Penny. She's both pupset and fired pup. Not pleased w your barbaric attempts at cleanliness. 12/10 would enjoy more shampoo options https://t.co/OYdDlfOGXP,[],[],[],[],"['12', '10']",['12'],['10']
79,877316821321428993,"Meet Dante. At first he wasn't a fan of his new raincoat, then he saw his reflection. H*ckin handsome. 13/10 for water resistant good boy https://t.co/SHRTIo5pxc",[],[],[],[],"['13', '10']",['13'],['10']
80,877201837425926144,This is Nelly. He graduated with his dogtorate today. Wants to know if you're proud of him. 12/10 would give congratulatory boop https://t.co/4g4cfj3P4Y,[],[],[],[],"['12', '10']",['12'],['10']
81,876838120628539392,This is Ginger. She's having a ruff Monday. Too many pupper things going on. H*ckin exhausting. 12/10 would snug passionately https://t.co/j211oCDRs6,[],[],['pupper'],[],"['12', '10']",['12'],['10']
82,876537666061221889,I can say with the pupmost confidence that the doggos who assisted with this search are heroic as h*ck. 14/10 for all https://t.co/8yoc1CNTsu,['doggo'],[],[],[],"['14', '10']",['14'],['10']
83,876484053909872640,This is Benedict. He wants to thank you for this delightful urban walk. Hopes you know he loves you. 13/10 super duper good boy https://t.co/26BXueUgbs,[],[],[],[],"['13', '10']",['13'],['10']
84,876120275196170240,"Meet Venti, a seemingly caffeinated puppoccino. She was just informed the weekend would include walks, pats and scritches. 13/10 much excite https://t.co/ejExJFq3ek",[],[],[],['puppo'],"['13', '10']",['13'],['10']
85,875747767867523072,"This is Goose. He's a womanizer. Cheeky as h*ck, but also deep. Tongue slip game on another level. 13/10 will steal your girl https://t.co/V2WlACRJCN",[],[],[],[],"['13', '10']",['13'],['10']
86,875144289856114688,Meet Nugget and Hank. Nugget took Hank's bone. Hank is wondering if you would please return it to him. Both 13/10 would not intervene https://t.co/ogith9ejNj,[],[],[],[],"['13', '10']",['13'],['10']
87,875097192612077568,You'll get your package when that precious man is done appreciating the pups. 13/10 for everyone https://t.co/PFp4MghzBW,[],[],[],[],"['13', '10']",['13'],['10']
88,875021211251597312,Guys please stop sending pictures without any dogs in th- oh never mind hello excuse me sir. 12/10 stealthy as h*ck https://t.co/brCQoqc8AW,[],[],[],[],"['12', '10']",['12'],['10']
89,874680097055178752,Meet Cash. He hath acquired a stick. A very good stick tbh. 12/10 would pat head approvingly https://t.co/lZhtizkURD,[],[],[],[],"['12', '10']",['12'],['10']
90,874434818259525634,RT @dog_rates: This is Coco. At first I thought she was a cloud but clouds don't bork with such passion. 12/10 would hug softly https://t.câ€¦,[],[],[],[],"['12', '10']",['12'],['10']
91,874296783580663808,This is Jed. He may be the fanciest pupper in the game right now. Knows it too. 13/10 would sign modeling contract https://t.co/0YplNnSMEm,[],[],['pupper'],[],"['13', '10']",['13'],['10']
92,874057562936811520,"I can't believe this keeps happening. This, is a birb taking a bath. We only rate dogs. Please only send dogs. Thank you... 12/10 https://t.co/pwY9PQhtP2",[],[],[],[],"['12', '10']",['12'],['10']
93,874012996292530176,"This is Sebastian. He can't see all the colors of the rainbow, but he can see that this flag makes his human happy. 13/10 #PrideMonth puppo https://t.co/XBE0evJZ6V",[],[],[],['puppo'],"['13', '10']",['13'],['10']
94,873697596434513921,RT @dog_rates: This is Walter. He won't start hydrotherapy without his favorite floatie. 14/10 keep it pup Walter https://t.co/r28jFx9uyF,[],[],[],[],"['14', '10']",['14'],['10']
95,873580283840344065,"We usually don't rate Deck-bound Saskatoon Black Bears, but this one is h*ckin flawless. Sneaky tongue slip too. 13/10 would hug firmly https://t.co/mNuMH9400n",[],[],[],[],"['13', '10']",['13'],['10']
96,873337748698140672,"RT @dog_rates: This is Sierra. She's one precious pupper. Absolute 12/10. Been in and out of ICU her whole life. Help Sierra below

https:/â€¦",[],[],['pupper'],[],"['12', '10']",['12'],['10']
97,873213775632977920,"This is Sierra. She's one precious pupper. Absolute 12/10. Been in and out of ICU her whole life. Help Sierra below

https://t.co/Xp01EU3qyD https://t.co/V5lkvrGLdQ",[],[],['pupper'],[],"['12', '10']",['12'],['10']
98,872967104147763200,Here's a very large dog. He has a date later. Politely asked this water person to check if his breath is bad. 12/10 good to go doggo https://t.co/EMYIdoblMR,['doggo'],[],[],[],"['12', '10']",['12'],['10']
99,872820683541237760,"Here are my favorite #dogsatpollingstations 
Most voted for a more consistent walking schedule and to increase daily pats tenfold. All 13/10 https://t.co/17FVMl4VZ5",[],[],[],[],"['13', '10']",['13'],['10']
100,872668790621863937,"RT @loganamnosis: Penelope here is doing me quite a divertir. Well done, @dog_rates! Loving the pupdate. 14/10, je jouerais de nouveau. httâ€¦",[],[],[],[],"['14', '10']",['14'],['10']
101,872620804844003328,This is Monkey. She's supporting owners everywhere with her fancy #PrideMonth bandana. 13/10 love is love is love... https://t.co/lUcpnZDPz9,[],[],[],[],"['13', '10']",['13'],['10']
102,872486979161796608,We. Only. Rate. Dogs. Do not send in other things like this fluffy floor shark clearly ready to attack. Get it together guys... 12/10 https://t.co/BZHiKx3FpQ,[],[],[],[],"['12', '10']",['12'],['10']
103,872261713294495745,This is Harry. His ears are activated one at a time. Incredibly rare to witness in person. Very special moment here. 13/10 blessed as h*ck https://t.co/ejHvGDfWoa,[],[],[],[],"['13', '10']",['13'],['10']
104,872122724285648897,This is Kody. He's a baller. Wishes he was a little bit taller. Double dribbles often. Still 12/10 would happily get dunked on https://t.co/PKSpmiefwN,[],[],[],[],"['12', '10']",['12'],['10']
105,871879754684805121,Say hello to Lassie. She's celebrating #PrideMonth by being a splendid mix of astute and adorable. Proudly supupporting her owner. 13/10 https://t.co/uK6PNyeh9w,[],[],[],['puppo'],"['13', '10']",['13'],['10']
106,871762521631449091,This is Rover. As part of pupper protocol he had to at least attempt to eat the plant. Confirmed not tasty. Needs peanut butter. 12/10 https://t.co/AiVljI6QCg,[],[],['pupper'],[],"['12', '10']",['12'],['10']
107,871515927908634625,This is Napolean. He's a Raggedy East Nicaraguan Zoom Zoom. Runs on one leg. Built for deception. No eyes. Good with kids. 12/10 great doggo https://t.co/PR7B7w1rUw,['doggo'],[],[],[],"['12', '10']",['12'],['10']
108,871166179821445120,RT @dog_rates: This is Dawn. She's just checking pup on you. Making sure you're doing okay. 12/10 she's here if you need her https://t.co/Xâ€¦,[],[],[],[],"['12', '10']",['12'],['10']
109,871102520638267392,Never doubt a doggo 14/10 https://t.co/AbBLh2FZCH,['doggo'],[],[],[],"['14', '10']",['14'],['10']
110,871032628920680449,"This is Boomer. He's doing an advanced water takeoff. The opposite of Sully. Ears for control, mlem for style. 13/10 simply breathtaking https://t.co/noNpY2Laoo",[],[],[],[],"['13', '10']",['13'],['10']
111,870804317367881728,Real funny guys. Sending in a pic without a dog in it. Hilarious. We'll rate the rug tho because it's giving off a very good vibe. 11/10 https://t.co/GCD1JccCyi,[],[],[],[],"['11', '10']",['11'],['10']
112,870726314365509632,@ComplicitOwl @ShopWeRateDogs &gt;10/10 is reserved for dogs,[],[],[],[],"['10', '10']",['10'],['10']
113,870656317836468226,"This is Cody. He zoomed too aggressively and tore his ACL. Happens to the best of us. Still 13/10

Help Cody here: https://t.co/4hxnDOt1CV https://t.co/42ryYRQ2Q4",[],[],[],[],"['13', '10']",['13'],['10']
114,870374049280663552,This is Zoey. She really likes the planet. Would hate to see willful ignorance and the denial of fairly elemental science destroy it. 13/10 https://t.co/T1xlgaPujm,[],[],[],[],"['13', '10']",['13'],['10']
115,870308999962521604,"This is Rumble, but he's not ready to. Would rather fall asleep in his bath bucket. 13/10 would attempt a boop without waking https://t.co/MVQCzrF1g9",[],[],[],[],"['13', '10']",['13'],['10']
116,870063196459192321,Meet Clifford. He's quite large. Also red. Good w kids. Somehow never steps on them. Massive poops very inconvenient. Still 14/10 would ride https://t.co/apVOyDgOju,[],[],[],[],"['14', '10']",['14'],['10']
117,869988702071779329,RT @dog_rates: We only rate dogs. This is quite clearly a smol broken polar bear. We'd appreciate if you only send dogs. Thank you... 12/10â€¦,[],[],[],[],"['12', '10']",['12'],['10']
118,869772420881756160,"This is Dewey (pronounced ""covfefe""). He's having a good walk. Arguably the best walk. 13/10 would snug softly https://t.co/HciEaJkC4D",[],[],[],[],"['13', '10']",['13'],['10']
119,869702957897576449,Meet Stanley. He likes road trips. Will shift for you. One ear more effective than other. 13/10 we don't leave until you buckle pup Stanley https://t.co/vmCu3PFCQq,[],[],[],[],"['13', '10']",['13'],['10']
120,869596645499047938,This is Scout. He just graduated. Officially a doggo now. Have fun with taxes and losing sight of your ambitions. 12/10 would throw cap for https://t.co/DsA2hwXAJo,['doggo'],[],[],[],"['12', '10']",['12'],['10']
121,869227993411051520,This is Gizmo. His favorite thing is standing pupright like a hooman. Sneaky tongue slip status achieved. 13/10 would boop well https://t.co/IoR3n1fiiQ,[],[],[],[],"['13', '10']",['13'],['10']
122,868880397819494401,This is Walter. He won't start hydrotherapy without his favorite floatie. 14/10 keep it pup Walter https://t.co/r28jFx9uyF,[],[],[],[],"['14', '10']",['14'],['10']
123,868639477480148993,"RT @dog_rates: Say hello to Cooper. His expression is the same wet or dry. Absolute 12/10 but Coop desperately requests your help

https://â€¦",[],[],[],[],"['12', '10']",['12'],['10']
124,868622495443632128,Here's a h*ckin peaceful boy. Unbothered by the comings and goings. 13/10 please reveal your wise ways https://t.co/yeaH8Ej5eM,[],[],[],[],"['13', '10']",['13'],['10']
125,868552278524837888,"Say hello to Cooper. His expression is the same wet or dry. Absolute 12/10 but Coop desperately requests your help

https://t.co/ZMTE4Mr69f https://t.co/7RyeXTYLNi",[],[],[],[],"['12', '10']",['12'],['10']
126,867900495410671616,"Unbelievable. We only rate dogs. Please don't send in non-canines like the ""I"" from Pixar's opening credits. Thank you... 12/10 https://t.co/JMhDNv5wXZ",[],[],[],[],"['12', '10']",['12'],['10']
127,867774946302451713,Meet Harold.  He's h*ckin cooperative. 13/10 good work Harold https://t.co/ZYg3NZGICa,[],[],[],[],"['13', '10']",['13'],['10']
128,867421006826221569,This is Shikha. She just watched you drop a skittle on the ground and still eat it. Could not be less impressed. 12/10 superior puppo https://t.co/XZlZKd73go,[],[],[],['puppo'],"['12', '10']",['12'],['10']
129,867072653475098625,RT @rachaeleasler: these @dog_rates hats are 13/10 bean approved https://t.co/nRCdq4g9gG,[],[],[],[],"['13', '10']",['13'],['10']
130,867051520902168576,"Oh my this spooked me up. We only rate dogs, not happy ghosts. Please send dogs only. It's a very simple premise. Thank you... 13/10 https://t.co/M5Rz0R8SIQ",[],[],[],[],"['13', '10']",['13'],['10']
131,866816280283807744,"RT @dog_rates: This is Jamesy. He gives a kiss to every other pupper he sees on his walk. 13/10 such passion, much tender https://t.co/wk7Tâ€¦",[],[],['pupper'],[],"['13', '10']",['13'],['10']
132,866720684873056260,He was providing for his family 13/10 how dare you https://t.co/Q8mVwWN3f4,[],[],[],[],"['13', '10']",['13'],['10']
133,866686824827068416,This is Lili. She can't believe you betrayed her with bath time. Never looking you in the eye again. 12/10 would puppologize profusely https://t.co/9b9J46E86Z,[],[],[],['puppo'],"['12', '10']",['12'],['10']
134,866450705531457537,"This is Jamesy. He gives a kiss to every other pupper he sees on his walk. 13/10 such passion, much tender https://t.co/wk7TfysWHr",[],[],['pupper'],[],"['13', '10']",['13'],['10']
135,866334964761202691,This is Coco. At first I thought she was a cloud but clouds don't bork with such passion. 12/10 would hug softly https://t.co/W86h5dgR6c,[],[],[],[],"['12', '10']",['12'],['10']
136,866094527597207552,"RT @dog_rates: Here's a pupper before and after being asked ""who's a good girl?"" Unsure as h*ck. 12/10 hint hint it's you https://t.co/ORiKâ€¦",[],[],['pupper'],[],"['12', '10']",['12'],['10']
137,865718153858494464,"Meet Boomer. He's just checking pup on you. Hopes you had a good day. If not, he hopes he made it better. 13/10 extremely good boy https://t.co/pozUoHLkGg",[],[],[],[],"['13', '10']",['13'],['10']
138,865359393868664832,This is Sammy. Her tongue ejects without warning sometimes. It's a serious condition. Needs a hefty dose from a BlepiPen. 13/10 https://t.co/g20EmqK7vc,[],[],[],[],"['13', '10']",['13'],['10']
139,865006731092295680,This is Nelly. He really hopes you like his Hawaiian shirt. He already tore the tags off. 13/10 h*ck of a puppurchase https://t.co/LbkG5CiM7o,[],[],[],[],"['13', '10']",['13'],['10']
140,864873206498414592,We only rate dogs. Please don't send in Jesus. We're trying to remain professional and legitimate. Thank you... 14/10 https://t.co/wr3xsjeCIR,[],[],[],[],"['14', '10']",['14'],['10']
141,864279568663928832,This is Meatball. He doing what's known in the industry as a mid-strut mlem. H*ckin fancy boy. 12/10 I'd do anything for Meatball https://t.co/S2HdmFFPck,[],[],[],[],"['12', '10']",['12'],['10']
142,864197398364647424,This is Paisley. She ate a flower just to prove she could. Savage af. 13/10 would pet so well https://t.co/cPq9fYvkzr,[],[],[],[],"['13', '10']",['13'],['10']
143,863907417377173506,This is Albus. He's quite impressive at hide and seek. Knows he's been found this time. 13/10 usually elusive as h*ck https://t.co/ht47njyZ64,[],[],[],[],"['13', '10']",['13'],['10']
144,863553081350529029,This is Neptune. He's a backpup vocalist for the Dixie Chicks. 13/10 (vid by @AmiWinehouse) https://t.co/tordvmaaop,[],[],[],[],"['13', '10']",['13'],['10']
145,863471782782697472,"RT @dog_rates: Say hello to Quinn. She's quite the goofball. Not even a year old. Confirmed 13/10 but she really needs your help 

https://â€¦",[],[],[],[],"['13', '10']",['13'],['10']
146,863432100342583297,This is Belle. She's never been more pupset. Encountered the worst imaginable type of zone. 12/10 would do anything to cheer pup https://t.co/fGQUzR8w3H,[],[],[],[],"['12', '10']",['12'],['10']
147,863427515083354112,"@Jack_Septic_Eye I'd need a few more pics to polish a full analysis, but based on the good boy content above I'm leaning towards 12/10",[],[],[],[],"['12', '10']",['12'],['10']
148,863079547188785154,"Ladies and gentlemen... I found Pipsy. He may have changed his name to Pablo, but he never changed his love for the sea. Pupgraded to 14/10 https://t.co/lVU5GyNFen",[],[],[],[],"['14', '10']",['14'],['10']
149,863062471531167744,"Say hello to Quinn. She's quite the goofball. Not even a year old. Confirmed 13/10 but she really needs your help 

https://t.co/MOBkQnyHib https://t.co/EsOB4rLEKt",[],[],[],[],"['13', '10']",['13'],['10']
150,862831371563274240,"This is Zooey. She's the world's biggest fan of illiterate delivery people. 13/10 not your fault they don't listen, Zooey https://t.co/ixOFQ1tfqE",[],[],[],[],"['13', '10']",['13'],['10']
151,862722525377298433,"This is Dave. He passed the h*ck out. It's barely the afternoon on a Thursday, Dave. Get it together. Still 11/10 would boop mid-snooze https://t.co/Eme9Uar6v2",[],[],[],[],"['11', '10']",['11'],['10']
152,862457590147678208,"This is Jersey. He likes to watch movies, but only if you watch with him. Enjoys horror films like The Bababork and H*ckraiser. 13/10 https://t.co/jvSNASweNb",[],[],[],[],"['13', '10']",['13'],['10']
153,862096992088072192,We only rate dogs. Please don't send perfectly toasted marshmallows attempting to drive. Thank you... 13/10 https://t.co/nvZyyrp0kd,[],[],[],[],"['13', '10']",['13'],['10']
154,861769973181624320,"RT @dog_rates: ""Good afternoon class today we're going to learn what makes a good boy so good"" 13/10 https://t.co/f1h2Fsalv9",[],[],[],[],"['13', '10']",['13'],['10']
155,861383897657036800,This is Hobbes. He's never seen bubbles before. 13/10 deep breaths buddy https://t.co/QFRlbZw4Z1,[],[],[],[],"['13', '10']",['13'],['10']
156,861288531465048066,HI. MY. NAME. IS. BOOMER. AND. I. WANT. TO. SAY. IT'S. H*CKIN. RIDICULOUS. THAT. DOGS. CAN'T VOTE. ABSOLUTE. CODSWALLUP. THANK. YOU. 13/10 https://t.co/SqKJPwbQ2g,[],[],[],[],"['13', '10']",['13'],['10']
157,861005113778896900,This is Burt. He thinks your thesis statement is comically underdeveloped. 12/10 intellectual af https://t.co/jH6EN9cEn6,[],[],[],[],"['12', '10']",['12'],['10']
158,860981674716409858,"RT @dog_rates: Meet Lorenzo. He's an avid nifty hat wearer and absolute 13/10, but he needs your help to beat cancer. Link below

https://tâ€¦",[],[],[],[],"['13', '10']",['13'],['10']
159,860924035999428608,RT @tallylott: h*ckin adorable promposal. 13/10 @dog_rates https://t.co/6n8hzNihJ9,[],[],[],[],"['13', '10']",['13'],['10']
160,860563773140209665,"Meet Lorenzo. He's an avid nifty hat wearer and absolute 13/10, but he needs your help to beat cancer. Link below

https://t.co/qZdSdzm08p https://t.co/oDIQ1KkdPt",[],[],[],[],"['13', '10']",['13'],['10']
161,860524505164394496,This is Carl. He likes to dance. Doesn't care what you think about it. 13/10 h*ckin confident pup https://t.co/C2zHcNIu4I,[],[],[],[],"['13', '10']",['13'],['10']
162,860276583193509888,This is Jordy. He likes to go on adventures and watch the small scaly underwater dogs with fins pass him by. 12/10 peaceful as h*ck https://t.co/xJo6S2sfsN,[],[],[],[],"['12', '10']",['12'],['10']
163,860184849394610176,"Here we have perhaps the wisest dog of all. Above average with light sabers. Immortal as h*ck. 14/10 dog, or dog not, there is no try https://t.co/upRYxG4KbG",[],[],[],[],"['14', '10']",['14'],['10']
164,860177593139703809,RT @dog_rates: Ohboyohboyohboyohboyohboyohboyohboyohboyohboyohboyohboyohboyohboyohboyohboy. 10/10 for all (by happytailsresort) https://t.câ€¦,[],[],[],[],"['10', '10']",['10'],['10']
165,859924526012018688,Meet Milky. She has no idea what happened. Just as pupset as you. Perhaps a sheep exploded. Even offered to help clean. 12/10 very good girl https://t.co/g8vpXFzw29,[],[],[],[],"['12', '10']",['12'],['10']
166,859851578198683649,Meet Trooper. He picks pup recyclables that have blown out of bins in the neighborhood and puts them back. 13/10 environmentally savvy af https://t.co/BqSttrTuIl,[],[],[],[],"['13', '10']",['13'],['10']
167,859607811541651456,Sorry for the lack of posts today. I came home from school and had to spend quality time with my puppo. Her name is Zoey and she's 13/10 https://t.co/BArWupFAn0,[],[],[],['puppo'],"['13', '10']",['13'],['10']
168,859196978902773760,We only rate dogs. This is quite clearly a smol broken polar bear. We'd appreciate if you only send dogs. Thank you... 12/10 https://t.co/g2nSyGenG9,[],[],[],[],"['12', '10']",['12'],['10']
169,859074603037188101,Here we have an exotic dog. Good at ukulele. Fashionable af. Has two more arms if needed. Is blue. Knows what 'ohana means. 13/10 would pet https://t.co/gEsymGTXCT,[],[],[],[],"['13', '10']",['13'],['10']
170,858860390427611136,"RT @dog_rates: Meet Winston. He knows he's a little too big for the swing, but he doesn't care. Kindly requests a push. 12/10 would happilyâ€¦",[],[],[],[],"['12', '10']",['12'],['10']
171,858843525470990336,I have stumbled puppon a doggo painting party. They're looking to be the next Pupcasso or Puppollock. All 13/10 would put it on the fridge https://t.co/cUeDMlHJbq,['doggo'],[],[],"['puppo', 'Puppo']","['13', '10']",['13'],['10']
172,858471635011153920,This is Sophie. She just arrived. Used pawority shipping. Speedy as h*ck delivery. 13/10 would carefully assemble https://t.co/8jOC4zhNxy,[],[],[],[],"['13', '10']",['13'],['10']
173,858107933456039936,This is Wyatt. He had an interview earlier today. Was just told he didn't get the job. A h*ckin injustice. Still 12/10 keep your chin pup https://t.co/QXA4sCXSDF,[],[],[],[],"['12', '10']",['12'],['10']
174,857989990357356544,This is Rosie. She was just informed of the walk that's about to happen. Knows there are many a stick along the way. 12/10 such excite https://t.co/sOl7cFaP5X,[],[],[],[],"['12', '10']",['12'],['10']
175,857746408056729600,Meet Thor. He doesn't have finals because he's a dog but is pupset you have finals. Just wants to play. 13/10 would abandon education for https://t.co/7IFn3rkJai,[],[],[],[],"['13', '10']",['13'],['10']
176,857393404942143489,"Instead of the usual nightly dog rate, I'm sharing this story with you. Meeko is 13/10 and would like your help 

https://t.co/Mj4j6QoIJk https://t.co/JdNE5oqYEV",[],[],[],[],"['13', '10']",['13'],['10']
177,857263160327368704,This is Oscar and Oliver. Oliver shrunk Oscar. Oscar isn't pleased about it. Quite pupset tbh. Oliver doesn't seem to mind. Both 13/10 https://t.co/e3U4NReleC,[],[],[],[],"['13', '10']",['13'],['10']
178,857214891891077121,@Marc_IRL pixelated af 12/10,[],[],[],[],"['12', '10']",['12'],['10']
179,857062103051644929,RT @AaronChewning: First time wearing my @dog_rates hat on a flight and I get DOUBLE OPEN ROWS. Really makes you think. 13/10 https://t.co/â€¦,[],[],[],[],"['13', '10']",['13'],['10']
180,857029823797047296,This is Zeke. He performs group cheeky wink tutorials. Pawfect execution here. 12/10 would wink back https://t.co/uMH5CLjXJu,[],[],[],[],"['12', '10']",['12'],['10']
181,856602993587888130,RT @dog_rates: This is Luna. It's her first time outside and a bee stung her nose. Completely h*ckin uncalled for. 13/10 where's the bee Iâ€¦,[],[],[],[],"['13', '10']",['13'],['10']
182,856543823941562368,This is Callie. She'll be your navigator today. Takes her job very seriously. Will shift for you. One ear always in the pupholder. 12/10 https://t.co/Bh9DtLhIBO,[],[],[],[],"['12', '10']",['12'],['10']
183,856526610513747968,"THIS IS CHARLIE, MARK. HE DID JUST WANT TO SAY HI AFTER ALL. PUPGRADED TO A 14/10. WOULD BE AN HONOR TO FLY WITH https://t.co/p1hBHCmWnA",[],[],[],[],"['14', '10']",['14'],['10']
184,856330835276025856,RT @Jenna_Marbles: @dog_rates Thanks for rating my cermets 14/10 wow I'm so proud I watered them so much,[],[],[],[],"['14', '10']",['14'],['10']
185,856288084350160898,@xianmcguire @Jenna_Marbles Kardashians wouldn't be famous if as a society we didn't place enormous value on what they do. The dogs are very deserving of their 14/10,[],[],[],[],"['14', '10']",['14'],['10']
186,856282028240666624,"This is Cermet, Paesh, and Morple. They are absolute h*ckin superstars. Watered every day so they can grow. 14/10 for all https://t.co/GUefqUmZv8",[],[],[],[],"['14', '10']",['14'],['10']
187,855862651834028034,@dhmontgomery We also gave snoop dogg a 420/10 but I think that predated your research,[],[],[],[],"['420', '10']",['420'],['10']
188,855860136149123072,"@s8n You tried very hard to portray this good boy as not so good, but you have ultimately failed. His goodness shines through. 666/10",[],[],[],[],"['666', '10']",['666'],['10']
189,855857698524602368,"HE'S LIKE ""WAIT A MINUTE I'M AN ANIMAL THIS IS AMAZING HI HUMAN I LOVE YOU AS WELL"" 13/10 https://t.co/sb73bV5Y7S",[],[],[],[],"['13', '10']",['13'],['10']
190,855851453814013952,Here's a puppo participating in the #ScienceMarch. Cleverly disguising her own doggo agenda. 13/10 would keep the planet habitable for https://t.co/cMhq16isel,['doggo'],[],[],['puppo'],"['13', '10']",['13'],['10']
191,855818117272018944,I HEARD HE TIED HIS OWN BOWTIE MARK AND HE JUST WANTS TO SAY HI AND MAYBE A NOGGIN PAT SHOW SOME RESPECT 13/10 https://t.co/5BEjzT2Tth,[],[],[],[],"['13', '10']",['13'],['10']
192,855459453768019968,"Guys, we only rate dogs. This is quite clearly a bulbasaur. Please only send dogs. Thank you... 12/10 human used pet, it's super effective https://t.co/Xc7uj1C64x",[],[],[],[],"['12', '10']",['12'],['10']
193,855245323840757760,RT @dog_rates: Meet George. He looks slightly deflated but overall quite powerful. Not sure how that human restrained him. 12/10 would snugâ€¦,[],[],[],[],"['12', '10']",['12'],['10']
194,855138241867124737,RT @frasercampbell_: oh my... what's that... beautiful scarf around your neck... 14/10 a h*ckin good dog in a h*ckin good game @GoodDogsGamâ€¦,[],[],[],[],"['14', '10']",['14'],['10']
195,854732716440526848,This is Marlee. She fetched a flower and immediately requested that it be placed behind her ear. 12/10 elegant af https://t.co/nJztIEON5s,[],[],[],[],"['12', '10']",['12'],['10']
196,854482394044301312,This is Arya. She can barely contain her excitement for more peanut butter. Also patriotic af. 13/10 https://t.co/AL4Ahm1Rm5,[],[],[],[],"['13', '10']",['13'],['10']
197,854365224396361728,This is Einstein. He's having a really good day. Hopes you are too. H*ckin nifty tongue. 13/10 would snug intensely https://t.co/mdaQhhfpv6,[],[],[],[],"['13', '10']",['13'],['10']
198,854120357044912130,Sometimes you guys remind me just how impactful a pupper can be. Cooper will be remembered as a good boy by so many. 14/10 rest easy friend https://t.co/oBL7LEJEzR,[],[],['pupper'],[],"['14', '10']",['14'],['10']
199,854010172552949760,"At first I thought this was a shy doggo, but it's actually a Rare Canadian Floofer Owl. Amateurs would confuse the two. 11/10 only send dogs https://t.co/TXdT3tmuYk",['doggo'],['Floofer'],[],[],"['11', '10']",['11'],['10']
200,853760880890318849,Say hello to Alice. I'm told she enjoys car rides and smells good. 12/10 would give her everything she could ever want https://t.co/yT4vw8y77x,[],[],[],[],"['12', '10']",['12'],['10']
201,853639147608842240,A photographer took pictures before and after he told his bunny he's a good boy. Here are the results. 13/10 https://t.co/wiQZIsaWUe,[],[],[],[],"['13', '10']",['13'],['10']
202,853299958564483072,This is Rumpole. He'll be your Uber driver this evening. Won't start driving until you buckle pup. 13/10 h*ckin safe good boy https://t.co/EX9Z3EXlVP,[],[],[],[],"['13', '10']",['13'],['10']
203,852936405516943360,"RT @dog_rates: I usually only share these on Friday's, but this is Blue. He's a very smoochable pooch who needs your help. 13/10

https://tâ€¦",[],[],[],[],"['13', '10']",['13'],['10']
204,852912242202992640,"Meet Benny. He likes being adorable and making fun of you while you're on the trampoline. 12/10 let's help him out

https://t.co/aVMjBqAy1x https://t.co/7gx2LksT3U",[],[],[],[],"['12', '10']",['12'],['10']
205,852672615818899456,This is Aspen. She's never tasted a stick so succulent. On the verge of tears. A face of pure appreciation. 12/10 https://t.co/VlyBzOXHEW,[],[],[],[],"['12', '10']",['12'],['10']
206,852553447878664193,This is Jarod. He likes having his belly brushed. Tongue ejects when you hit the right spot. 13/10 downright h*ckin adorable https://t.co/ArnxkyD2kC,[],[],[],[],"['13', '10']",['13'],['10']
207,852311364735569921,This is Wiggles. She would like you to spot her. Probably won't need your help but just in case. 13/10 powerful as h*ck https://t.co/2d370P0OEg,[],[],[],[],"['13', '10']",['13'],['10']
208,852226086759018497,"Meet General. He wasn't content with the quality of his room. Requested to pupgrade, but was ignored. 14/10 look who just lost a customer https://t.co/NP5JW8LnmW",[],[],[],[],"['14', '10']",['14'],['10']
209,852189679701164033,This is Sailor. He has collected the best dirt in the area. As any good boy would. Under the impression you know what to do next. 12/10 https://t.co/jrFzScKWEG,[],[],[],[],"['12', '10']",['12'],['10']
210,851953902622658560,RT @dog_rates: This is Astrid. She's a guide doggo in training. 13/10 would follow anywhere https://t.co/xo7FZFIAao,['doggo'],[],[],[],"['13', '10']",['13'],['10']
211,851861385021730816,RT @eddie_coe98: Thanks @dog_rates completed my laptop. 10/10 would buy again https://t.co/bO0rThDlXI,[],[],[],[],"['10', '10']",['10'],['10']
212,851591660324737024,Oh jeez u did me quite the spook little fella. We normally don't rate triceratops but this one seems suspiciously good. 11/10 would pet well https://t.co/BMtfCmNbnS,[],[],[],[],"['11', '10']",['11'],['10']
213,851464819735769094,This is Iggy. He was a rescue dog killed in the Stockholm attack. His memorial started with a collar and four bones. It's grown a bit. 14/10 https://t.co/E4a0R9my1M,[],[],[],[],"['14', '10']",['14'],['10']
214,851224888060895234,"Meet Snoop. His number one passion is sticking his head out of car windows, so he purchased some doggles. Stylish af. 13/10 happy travels https://t.co/iHYfZdz444",[],[],[],[],"['13', '10']",['13'],['10']
215,850753642995093505,"This is Kyle. He made a joke about your shoes, then stuck his tongue out at you. Uncalled for. Step the h*ck up Kyle. 11/10 would forgive https://t.co/hLQ2Ilg2uN",[],[],[],[],"['11', '10']",['11'],['10']
216,850380195714523136,This is Leo. He's a personal triathlon coach. Currently overseeing this athlete's push-pups. H*ckin brutal. 13/10 would do all he asks of me https://t.co/FXZQtBcnTO,[],[],[],[],"['13', '10']",['13'],['10']
217,850333567704068097,@markhoppus MARK THAT DOG HAS SEEN AND EXPERIENCED MANY THINGS. PROBABLY LOST OTHER EAR DOING SOMETHING HEROIC. 13/10 HUG THE DOG HOPPUS,[],[],[],[],"['13', '10']",['13'],['10']
218,850145622816686080,This is Riley. He's making new friends. Jubilant as h*ck for the fun times ahead. 11/10 for all pups pictured https://t.co/PCX25VV78l,[],[],[],[],"['11', '10']",['11'],['10']
219,850019790995546112,Say hello to Boomer. He's a sandy pupper. Having a h*ckin blast. 12/10 would pet passionately https://t.co/ecb3LvExde,[],[],['pupper'],[],"['12', '10']",['12'],['10']
220,849776966551130114,Seriously guys? Again? We only rate dogs. Please stop submitting other things like this super good hammerhead shark. Thank you... 12/10 https://t.co/TCMC90mSOT,[],[],[],[],"['12', '10']",['12'],['10']
221,849668094696017920,RT @dog_rates: This is Gidget. She's a spy pupper. Stealthy as h*ck. Must've slipped pup and got caught. 12/10 would forgive then pet httpsâ€¦,[],[],['pupper'],[],"['12', '10']",['12'],['10']
222,849412302885593088,This is Noosh. He noticed you were in the shower and thought you could use some company. 12/10 h*ckin loyal https://t.co/Uq3ChFgWA3,[],[],[],[],"['12', '10']",['12'],['10']
223,849336543269576704,"At first I thought this was a dog because of the sign, but it is clearly Wilson from Home Improvement. Please only send in dogs... 11/10 https://t.co/jqPk1BZ6xu",[],[],[],[],"['11', '10']",['11'],['10']
224,849051919805034497,This is Kevin. Kevin doesn't give a single h*ck. Will sit in the fountain if he wants to. 13/10 churlish af https://t.co/r6GjO6MbZz,[],[],[],[],"['13', '10']",['13'],['10']
225,848690551926992896,Please stop sending in animals other than dogs. We only rate dogs. Not Furry Ecuadorian Sea Turtles. Thank you... 12/10 https://t.co/UOE79zb6VU,[],[],[],[],"['12', '10']",['12'],['10']
226,848324959059550208,Meet Odin. He's supposed to be giving directions but he'd rather look at u like that. Should probably buckle pup. 12/10 distracting as h*ck https://t.co/1pSqUbLQ5Z,[],[],[],[],"['12', '10']",['12'],['10']
227,848213670039564288,Jerry just apuppologized to me. He said there was no ill-intent to the slippage. I overreacted I admit. Pupgraded to an 11/10 would pet,[],[],[],['puppo'],"['11', '10']",['11'],['10']
228,848212111729840128,"This is Jerry. He's doing a distinguished tongue slip. Slightly patronizing tbh. You think you're better than us, Jerry? 6/10 hold me back https://t.co/DkOBbwulw1",[],[],[],[],"['6', '10']",['6'],['10']
229,847978865427394560,RT @dog_rates: This is Charlie. He fell asleep on a heating vent. Would puppreciate your assistance. 11/10 someone help Charlie https://t.câ€¦,[],[],[],[],"['11', '10']",['11'],['10']
230,847971574464610304,RT @basic_vacek_: I love my new mug easy 13/10 @dog_rates https://t.co/0bYtoL7Wwt,[],[],[],[],"['13', '10']",['13'],['10']
231,847962785489326080,This is Georgie. He's very shy. Only puppears when called. Aggressively average at fetch. Unique front paws. Looks slippery. 10/10 would pet https://t.co/rcDs5LkiSj,[],[],[],[],"['10', '10']",['10'],['10']
232,847842811428974592,"This is Rontu. He is described as a pal, cuddle bug, protector and constant shadow. 12/10, but he needs your help

https://t.co/zK4cpKPFfU https://t.co/7Xvoalr798",[],[],[],[],"['12', '10']",['12'],['10']
233,847617282490613760,.@breaannanicolee PUPDATE: Cannon has a heart on his nose. Pupgraded to a 13/10,[],[],[],[],"['13', '10']",['13'],['10']
234,847606175596138505,This is Cannon. He just heard something behind him. Fr*ckin frightened af. 12/10 don't look back just run https://t.co/WTPBWT6Ux1,[],[],[],[],"['12', '10']",['12'],['10']
235,847251039262605312,This is Furzey. He's doing an elevated sandy zoom. Adjusts ears to steer. 12/10 would pet mid flight https://t.co/zhbRIZQgnq,[],[],[],[],"['12', '10']",['12'],['10']
236,847157206088847362,"Meet Daisy. She's been pup for adoption for months now but hasn't gotten any applications. 11/10 let's change that

https://t.co/Jlb9L0m3J0 https://t.co/Eh7fGFuy6r",[],[],[],[],"['11', '10']",['11'],['10']
237,847116187444137987,Unbelievable... We. Only. Rate. Dogs. Please stop sending in other things like this Blossoming Flop Kangaroo. Thank you... 11/10 https://t.co/EeeErAbso0,[],[],[],[],"['11', '10']",['11'],['10']
238,846874817362120707,"This is Tuck. As you can see, he's rather h*ckin rare. Taken seriously until his legs are seen. Tail stuck in a permanent zoom. 13/10 https://t.co/P7PBGqrKSe",[],[],[],[],"['13', '10']",['13'],['10']
239,846514051647705089,This is Barney. He's an elder doggo. Hitches a ride when he gets tired. Waves goodbye before he leaves. 13/10 please come back soon https://t.co/cFAasDXauK,['doggo'],[],[],[],"['13', '10']",['13'],['10']
240,846505985330044928,THIS WAS NOT HIS FAULT HE HAD NO IDEA. 11/10 STILL A VERY GOOD DOG https://t.co/GJ8rozumsy,[],[],[],[],"['11', '10']",['11'],['10']
241,846153765933735936,This is Vixen. He really likes bananas. Steals them when he thinks nobody's watching. 13/10 opportunistic af https://t.co/a0CkS5ExFR,[],[],[],[],"['13', '10']",['13'],['10']
242,846139713627017216,SHE DID AN ICY ZOOM AND KNEW WHEN TO PUT ON THE BRAKES 13/10 CANCEL THE GAME THIS IS ALL WE NEED https://t.co/4ctgpGcqAd,[],[],[],[],"['13', '10']",['13'],['10']
243,846042936437604353,Meet Jarvis. The snow pupsets him. Officially ready for summer. 12/10 would perform a chilly boop https://t.co/0hLkztpiOW,[],[],[],[],"['12', '10']",['12'],['10']
244,845812042753855489,We usually don't rate polar bears but this one seems extra good. Majestic as h*ck. 13/10 would hug for a while https://t.co/TLNexlqzXP,[],[],[],[],"['13', '10']",['13'],['10']
245,845677943972139009,"C'mon guys. Please only send in dogs. We only rate dogs, not Exceptional-Tongued Peruvian Floor Bears. Thank you... 12/10 https://t.co/z30iQLiXNo",[],[],[],[],"['12', '10']",['12'],['10']
246,845459076796616705,RT @dog_rates: Here's a heartwarming scene of a single father raising his two pups. Downright awe-inspiring af. 12/10 for everyone https://â€¦,[],[],[],[],"['12', '10']",['12'],['10']
247,845397057150107648,"Say hello to Mimosa. She's an emotional support doggo who helps her owner with PTSD. 13/10, but she needs your help

https://t.co/L6mLzrd7Mx https://t.co/jMutBFdw5o",['doggo'],[],[],[],"['13', '10']",['13'],['10']
248,845306882940190720,This is Pickles. She's a silly pupper. Thinks she's a dish. 12/10 would dry https://t.co/7mPCF4ZwEk,[],[],['pupper'],[],"['12', '10']",['12'],['10']
249,845098359547420673,RT @dog_rates: This is Bungalo. She uses that face to get what she wants. It works unbelievably well. 12/10 would never say no to https://tâ€¦,[],[],[],[],"['12', '10']",['12'],['10']
250,844979544864018432,"PUPDATE: I'm proud to announce that Toby is 236 days sober. Pupgraded to a 13/10. We're all very proud of you, Toby https://t.co/a5OaJeRl9B",[],[],[],[],"['236', '13', '10']",['236'],"['13', '10']"
251,844973813909606400,"This is Brady. He's a recovering alcoholic. Demonstrating incredible restraint here. 12/10 don't give pup, don't give in, Brady https://t.co/B1iBuSq3hr",[],[],[],[],"['12', '10']",['12'],['10']
252,844704788403113984,This is Luna. It's her first time outside and a bee stung her nose. Completely h*ckin uncalled for. 13/10 where's the bee I just wanna talk https://t.co/2RYiLGHuPN,[],[],[],[],"['13', '10']",['13'],['10']
253,844580511645339650,This is Charlie. He wants to know if you have a moment to talk about washing machine insurance policies. 11/10 would hear him out https://t.co/gAzPqT7uyk,[],[],[],[],"['11', '10']",['11'],['10']
254,844223788422217728,This is Margo. She just dug pup a massive hole. Can't wait for you to see it. H*ckin proud of herself. 12/10 would forgive then pet https://t.co/H38HB6rBTx,[],[],[],[],"['12', '10']",['12'],['10']
255,843981021012017153,HE WAS DOING A SNOOZE NO SHAME IN A SNOOZE 13/10 https://t.co/Gu5wHx3CBd,[],[],[],[],"['13', '10']",['13'],['10']
256,843856843873095681,Say hello to Sadie and Daisy. They do all their shopping together. Can never agree on what to get. Like an old married pupple. Both 12/10 https://t.co/f5C5l5wa0e,[],[],[],[],"['12', '10']",['12'],['10']
257,843604394117681152,This is Hank. He's been outside for 3 minutes and already made a friend. Way to go Hank. 11/10 for both https://t.co/wHUElL84RC,[],[],[],[],"['3', '11', '10']",['3'],"['11', '10']"
258,843235543001513987,This is Tycho. She just had new wheels installed. About to do a zoom. 0-60 in 2.4 seconds. 13/10 inspirational as h*ck https://t.co/DKwp2ByMsL,[],[],[],[],"['0', '60', '2', '4', '13', '10']",['0'],"['60', '2', '4', '13', '10']"
259,842892208864923648,RT @dog_rates: This is Stephan. He just wants to help. 13/10 such a good boy https://t.co/DkBYaCAg2d,[],[],[],[],"['13', '10']",['13'],['10']
260,842846295480000512,This is Charlie. He's wishing you a very fun and safe St. Pawtrick's Day. 13/10 festive af https://t.co/nFpNgCWWYs,[],[],[],[],"['13', '10']",['13'],['10']
261,842765311967449089,"Meet Indie. She's not a fan of baths but she's definitely a fan of hide &amp; seek. 12/10 click the link to help Indie

https://t.co/fvGkIuAlFK https://t.co/kiCFtmJd7l",[],[],[],[],"['12', '10']",['12'],['10']
262,842535590457499648,This is Winnie. She lost her body saving a children's hospital from an avalanche. 13/10 what a h*ckin hero https://t.co/Tf0rh9ZgZe,[],[],[],[],"['13', '10']",['13'],['10']
263,842163532590374912,Meet George. He looks slightly deflated but overall quite powerful. Not sure how that human restrained him. 12/10 would snug with permission https://t.co/o6E0hB3xZl,[],[],[],[],"['12', '10']",['12'],['10']
264,842115215311396866,This is Bentley. It's his first time going to the beach. I think he's a fan. 12/10 would build sand castles with https://t.co/iDK4OyQJoy,[],[],[],[],"['12', '10']",['12'],['10']
265,841833993020538882,RT @dog_rates: This is Ken. His cheeks are magic. 13/10 (IG: ken_shiba) https://t.co/btzf1zTDeQ,[],[],[],[],"['13', '10']",['13'],['10']
266,841680585030541313,"This is Penny. She's a dragon slayer. Feared by most, if not all, dragons. Showing off her latest victim here. 12/10 would pet with caution https://t.co/qUOijSlPnj",[],[],[],[],"['12', '10']",['12'],['10']
267,841439858740625411,Here we have some incredible doggos for #K9VeteransDay. All brave as h*ck. Salute your dog in solidarity. 14/10 for all https://t.co/SVNMdFqKDL,['doggo'],[],[],[],"['14', '10']",['14'],['10']
268,841320156043304961,"We don't rate penguins, but if we did, this one would get 12/10 https://t.co/cEORXhwZ5K",[],[],[],[],"['12', '10']",['12'],['10']
269,841314665196081154,This is Max. There's no way in h*ck you're taking his pacifier. Binky promises it's not happening. 13/10 very good stubborn boy https://t.co/9lVAqDEvZ5,[],[],[],[],"['13', '10']",['13'],['10']
270,841077006473256960,This is Dawn. She's just checking pup on you. Making sure you're doing okay. 12/10 she's here if you need her https://t.co/XKJrmO4fAQ,[],[],[],[],"['12', '10']",['12'],['10']
271,840761248237133825,"RT @dog_rates: Say hello to Maddie and Gunner. They are considerably pupset about bath time. Both 12/10 but Gunner needs your help

https:/â€¦",[],[],[],[],"['12', '10']",['12'],['10']
272,840728873075638272,RT @dog_rates: This is Pipsy. He is a fluffball. Enjoys traveling the sea &amp; getting tangled in leash. 12/10 I would kill for Pipsy https://â€¦,[],[],[],[],"['12', '10']",['12'],['10']
273,840698636975636481,@0_kelvin_0 &gt;10/10 is reserved for puppos sorry Kevin,[],[],[],['puppo'],"['10', '10']",['10'],['10']
274,840696689258311684,I didn't even have to intervene. Took him 4 minutes to realize his error. 10/10 for Kevin https://t.co/2gclc1MNr7,[],[],[],[],"['4', '10', '10']",['4'],"['10', '10']"
275,840632337062862849,"Say hello to Maddie and Gunner. They are considerably pupset about bath time. Both 12/10 but Gunner needs your help

https://t.co/JesYTzb1Jo https://t.co/5cncH08G1o",[],[],[],[],"['12', '10']",['12'],['10']
276,840370681858686976,You have been visited by the magical sugar jar puggo. He has granted you three boops. 13/10 would use immediately https://t.co/76iL7JUQdG,[],[],[],[],"['13', '10']",['13'],['10']
277,840268004936019968,This is Monty. He makes instantly regrettable decisions. Couldn't help himself. It looked like a ghost lollipop. 12/10 mistake happen https://t.co/8Wsr6b4RjE,[],[],[],[],"['12', '10']",['12'],['10']
278,839990271299457024,Meet Sojourner. His nose is a Fibonacci Spiral. Legendary af. 13/10 we must protect him at all costs https://t.co/r7W1NbkOtr,[],[],[],[],"['13', '10']",['13'],['10']
279,839549326359670784,"Meet Winston. He knows he's a little too big for the swing, but he doesn't care. Kindly requests a push. 12/10 would happily oblige https://t.co/GuxEXTdnMu",[],[],[],[],"['12', '10']",['12'],['10']
280,839290600511926273,RT @alexmartindawg: THE DRINK IS DR. PUPPER 10/10 good pun @matt___nelson @GoodDogsGame https://t.co/act3duiqbL,[],[],['PUPPER'],[],"['10', '10']",['10'],['10']
281,839239871831150596,This is Odie. He's big. 13/10 would attempt to ride https://t.co/JEXB9RwBmm,[],[],[],[],"['13', '10']",['13'],['10']
282,838952994649550848,SHE MISPLACED HER HOOMAN 13/10 MISTAKES HAPPEN https://t.co/ngAxYLVYHP,[],[],[],[],"['13', '10']",['13'],['10']
283,838921590096166913,This is Arlo. He's officially the king of snowy tongue slips. 13/10 would comfort during inevitable brain freeze https://t.co/oXVu9pNZZv,[],[],[],[],"['13', '10']",['13'],['10']
284,838916489579200512,RT @KibaDva: I collected all the good dogs!! 15/10 @dog_rates #GoodDogs https://t.co/6UCGFczlOI,[],[],[],[],"['15', '10']",['15'],['10']
285,838831947270979586,RT @dog_rates: This is Riley. His owner put a donut pillow around him and he loves it so much he won't let anyone take it off. 13/10 https:â€¦,[],[],[],[],"['13', '10']",['13'],['10']
286,838561493054533637,This is Walter. His owner has been watching all the Iditarod coverage and is convinced Walter can be a sled dog. 13/10 Walter isn't so sure https://t.co/0av1PEehFI,[],[],[],[],"['13', '10']",['13'],['10']
287,838476387338051585,This is Stanley. Somehow he heard you tell him he's a good boy from all the way up there. 13/10 I love you Stanley https://t.co/51FXNuouHI,[],[],[],[],"['13', '10']",['13'],['10']
288,838201503651401729,RT @dog_rates: Meet Sunny. He can take down a polar bear in one fell swoop. Fr*cken deadly af. 13/10 would pet with caution https://t.co/EMâ€¦,[],[],[],[],"['13', '10']",['13'],['10']
289,838150277551247360,@markhoppus 182/10,[],[],[],[],"['182', '10']",['182'],['10']
290,838085839343206401,@bragg6of8 @Andy_Pace_ we are still looking for the first 15/10,[],[],[],[],"['15', '10']",['15'],['10']
291,838083903487373313,This is Daisy. She's puppears to be rare as all h*ck. Only seven like her currently domesticated. 13/10 pettable af https://t.co/meUc8jufAO,[],[],[],[],"['13', '10']",['13'],['10']
292,837820167694528512,"Here's a pupper before and after being asked ""who's a good girl?"" Unsure as h*ck. 12/10 hint hint it's you https://t.co/ORiK6jlgdH",[],[],['pupper'],[],"['12', '10']",['12'],['10']
293,837482249356513284,This is Waffles. He's a ship captain in real life and in @GoodDogsGame. Must've gotten to the max level (wink) 13/10 would sail with https://t.co/Z3LAaV2pKz,[],[],[],[],"['13', '10']",['13'],['10']
294,837471256429613056,This is Vincent. He's suave as h*ck. Will be your copilot this evening. Claims he doesn't need to look at the directions. 12/10 https://t.co/u51tzXSVi3,[],[],[],[],"['12', '10']",['12'],['10']
295,837366284874571778,This is Lucy. She has a portrait of herself on her ear. Excellent for identification pupposes. 13/10 innovative af https://t.co/uNmxbL2lns,[],[],[],['puppo'],"['13', '10']",['13'],['10']
296,837110210464448512,This is Clark. He passed pupper training today. Round of appaws for Clark. 13/10 https://t.co/7pUjwe8X6B,[],[],['pupper'],[],"['13', '10']",['13'],['10']
297,837012587749474308,RT @KennyFromDaBlok: 14/10 h*ckin good hats. will wear daily @dog_rates https://t.co/rHLoU5gS30,[],[],[],[],"['14', '10']",['14'],['10']
298,836989968035819520,This is Mookie. He really enjoys shopping but not from such high altitudes. Doin him quite the concern. 12/10 someone lower him https://t.co/beWUzGVKRM,[],[],[],[],"['12', '10']",['12'],['10']
299,836753516572119041,This is Meera. She just heard about taxes and how much a doghouse in a nice area costs. Not pupared to be a  doggo anymore. 12/10 https://t.co/GZmNEdyoJY,['doggo'],[],[],[],"['12', '10']",['12'],['10']
300,836677758902222849,Say hello to Oliver. He's pretty exotic. Fairly pupset as well. Too many midterms coming pup. 11/10 would pet with extreme caution https://t.co/fGAPAsxjKs,[],[],[],[],"['11', '10']",['11'],['10']
301,836648853927522308,"RT @SchafeBacon2016: @dog_rates Slightly disturbed by the outright profanity, but confident doggos were involved. 11/10, would tailgate agaâ€¦",['doggo'],[],[],[],"['11', '10']",['11'],['10']
302,836397794269200385,RT @dog_rates: This is Buddy. He ran into a glass door once. Now he's h*ckin skeptical. 13/10 empowering af (vid by Brittany Gaunt) https:/â€¦,[],[],[],[],"['13', '10']",['13'],['10']
303,836380477523124226,"This is Ava. She just blasted off. Streamline af. Aerodynamic as h*ck. One small step for pupper, one giant leap for pupkind. 12/10 https://t.co/W4KffrdX3Q",[],[],['pupper'],[],"['12', '10']",['12'],['10']
304,836260088725786625,This is Lucy. She spent all morning overseeing the shoveling of the driveway. H*ckin hard work. 13/10 very good girl Lucy https://t.co/gA2GECjiQD,[],[],[],[],"['13', '10']",['13'],['10']
305,836001077879255040,Atlas is back and this time he's prettier than the sunset. Seems to be aware of it too. 13/10 would give modeling contract https://t.co/uRdKlFArQE,[],[],[],[],"['13', '10']",['13'],['10']
306,835685285446955009,RT @dog_rates: This is Rory. He's got an interview in a few minutes. Looking spiffy af. Nervous as h*ck tho. 12/10 would hire https://t.co/â€¦,[],[],[],[],"['12', '10']",['12'],['10']
307,835574547218894849,This is Eli. He works backstage at Bone Jovi concerts. Heavy duty earmuffs for puptection. H*ckin safe boy. 11/10 https://t.co/cVQEnUQd8q,[],[],[],[],"['11', '10']",['11'],['10']
308,835536468978302976,"RT @dog_rates: Meet Lola. Her hobbies include being precious af and using her foot as a toothbrush. 12/10 Lola requests your help

https://â€¦",[],[],[],[],"['12', '10']",['12'],['10']
309,835309094223372289,RT @dog_rates: So this just changed my life. 13/10 please enjoy  https://t.co/dsv4xAtfv7,[],[],[],[],"['13', '10']",['13'],['10']
310,835297930240217089,Meet Ash. He's a Benebop Cumberplop. Quite rare. Fairly portable. Lil sandy tho. Clearly knows something you don't. 12/10 would hug softly https://t.co/1U0z6r5LSO,[],[],[],[],"['12', '10']",['12'],['10']
311,835264098648616962,"Meet Lola. Her hobbies include being precious af and using her foot as a toothbrush. 12/10 Lola requests your help

https://t.co/FYFyHh7rir https://t.co/IiB7ggduoU",[],[],[],[],"['12', '10']",['12'],['10']
312,835246439529840640,"@jonnysun @Lin_Manuel ok jomny I know you're excited but 960/00 isn't a valid rating, 13/10 is tho",[],[],[],[],"['960', '00', '13', '10']",['960'],"['00', '13', '10']"
313,835172783151792128,We only rate dogs. Please don't send in any non-canines like this Floppy Tongued House Panda. Thank you... 12/10 would still pet https://t.co/8fX2VkExnL,[],[],[],[],"['12', '10']",['12'],['10']
314,835152434251116546,When you're so blinded by your systematic plagiarism that you forget what day it is. 0/10 https://t.co/YbEJPkg4Ag,[],[],[],[],"['0', '10']",['0'],['10']
315,834931633769889797,This is Tucker. He decided it was time to part ways with his favorite ball. We captured the emotional farewell on camera. 12/10 https://t.co/jTe7Y6P0HK,[],[],[],[],"['12', '10']",['12'],['10']
316,834786237630337024,This is Tobi. She is properly fetching her shot. H*ckin nifty af bandana. 13/10 would send fully armed battalion to remind her of my love https://t.co/3FIqvumEXE,[],[],[],[],"['13', '10']",['13'],['10']
317,834574053763584002,Here's a doggo fully pupared for a shower. H*ckin exquisite balance. Sneaky tongue slip too. 13/10 https://t.co/UtEVnQ1ZPg,['doggo'],[],[],[],"['13', '10']",['13'],['10']
318,834477809192075265,RT @dog_rates: This is Leo. He was a skater pup. She said see ya later pup. He wasn't good enough for her. 12/10 you're good enough for meâ€¦,[],[],[],[],"['12', '10']",['12'],['10']
319,834458053273591808,"Meet Chester (bottom) &amp; Harold (top). They are different dogs not only in appearance, but in personality as well. Both 12/10 symbiotic af https://t.co/8ZOZS2FSJe",[],[],[],[],"['12', '10']",['12'],['10']
320,834209720923721728,This is Wilson. He's aware that he has something on his face. Waiting for you to get it for him. 12/10 https://t.co/FaeinVjzTZ,[],[],[],[],"['12', '10']",['12'],['10']
321,834167344700198914,This is Sunshine. She doesn't believe in personal space. Eyes pretty far apart for a dog. Has horns (whoa). 11/10 would pet with wonder https://t.co/o3bhLguymB,[],[],[],[],"['11', '10']",['11'],['10']
322,834089966724603904,DOGGO ON THE LOOSE I REPEAT DOGGO ON THE LOOSE 10/10 https://t.co/ffIH2WxwF0,"['DOGGO', 'DOGGO']",[],[],[],"['10', '10']",['10'],['10']
323,834086379323871233,This is Lipton. He's a West Romanian Snuggle Pup. Only a few left of his kind. 12/10 would boop https://t.co/5KmXPIGgAG,[],[],[],[],"['12', '10']",['12'],['10']
324,833863086058651648,This is Bentley. Hairbrushes are his favorite thing in the h*ckin world. 12/10 impawsible to say no to https://t.co/HDloTYilWZ,[],[],[],[],"['12', '10']",['12'],['10']
325,833826103416520705,Meet Charlie. She asked u to change the channel to Animal Planet at least 6 times. Now taking matters into her own paws. 13/10 assertive af https://t.co/WTzhtfevKY,[],[],[],[],"['6', '13', '10']",['6'],"['13', '10']"
326,833732339549220864,"RT @rolltidered: This is Gabby. Now requests to be referred to as a guide dog, thanks to @dog_rates and @ShopWeRateDogs. 12/10 in my book.â€¦",[],[],[],[],"['12', '10']",['12'],['10']
327,833722901757046785,This is Bronte. She's fairly h*ckin aerodynamic. Also patiently waiting for mom to make her a main character. 13/10 would be an honor to pet https://t.co/w1MQWO2PET,[],[],[],[],"['13', '10']",['13'],['10']
328,833479644947025920,This is Poppy. She just arrived. 13/10 would snug passionately https://t.co/YGeSpyN8Gu,[],[],[],[],"['13', '10']",['13'],['10']
329,833124694597443584,This is Gidget. She's a spy pupper. Stealthy as h*ck. Must've slipped pup and got caught. 12/10 would forgive then pet https://t.co/zD97KYFaFa,[],[],['pupper'],[],"['12', '10']",['12'],['10']
330,832998151111966721,"This is Rhino. He arrived at a shelter with an elaborate doggo manual for his new family, written by someone who will always love him. 13/10 https://t.co/QX1h0oqMz0",['doggo'],[],[],[],"['13', '10']",['13'],['10']
331,832769181346996225,RT @EmilieGambril: 12/10 h*cking excited about my new shirt! @dog_rates https://t.co/zFEfMTaHqU,[],[],[],[],"['12', '10']",['12'],['10']
332,832757312314028032,This is Willow. She's the official strawberry taste tester. Palate delicate af. Currently noting the subtle piquancy of this one. 13/10 https://t.co/On7muWnWSQ,[],[],[],[],"['13', '10']",['13'],['10']
333,832682457690300417,Prosperous good boy 13/10 socioeconomic af https://t.co/8YlD5lxPbQ,[],[],[],[],"['13', '10']",['13'],['10']
334,832645525019123713,"There's going to be a dog terminal at JFK Airport. This is not a drill. 10/10  
https://t.co/dp5h9bCwU7",[],[],[],[],"['10', '10']",['10'],['10']
335,832636094638288896,This is Orion. He just got back from the dentist. Cavity free af. 12/10 would give extra pats https://t.co/Y4DZx2UWsr,[],[],[],[],"['12', '10']",['12'],['10']
336,832397543355072512,This is Eevee. She wants to see how you're doing. Just checkin pup on you. She hopes you're doing okay. 12/10 extremely good girl https://t.co/nqAJGCHKEt,[],[],[],[],"['12', '10']",['12'],['10']
337,832369877331693569,This is Charlie. He fell asleep on a heating vent. Would puppreciate your assistance. 11/10 someone help Charlie https://t.co/Dhdx5HnQ4d,[],[],[],[],"['11', '10']",['11'],['10']
338,832273440279240704,Say hello to Smiley. He's a blind therapy doggo having a h*ckin blast high steppin around in the snow. 14/10 would follow anywhere https://t.co/SHAb1wHjMz,['doggo'],[],[],[],"['14', '10']",['14'],['10']
339,832215909146226688,"RT @dog_rates: This is Logan, the Chow who lived. He solemnly swears he's up to lots of good. H*ckin magical af 9.75/10 https://t.co/yBO5wuâ€¦",[],[],[],[],"['9', '75', '10']",['9'],"['75', '10']"
340,832215726631055365,RT @dog_rates: This is Moreton. He's the Good Boy Who Lived. 13/10 magical as h*ck https://t.co/rLHGx3VAF3,[],[],[],[],"['13', '10']",['13'],['10']
341,832088576586297345,@docmisterio account started on 11/15/15,[],[],[],[],"['11', '15', '15']",['11'],"['15', '15']"
342,832040443403784192,RT @dog_rates: This is Klein. These pics were taken a month apart. He knows he's a stud now. 12/10 total heartthrob https://t.co/guDkLrX8zV,[],[],[],[],"['12', '10']",['12'],['10']
343,832032802820481025,"This is Miguel. He was the only remaining doggo at the adoption center after the weekend. Let's change that. 12/10

https://t.co/P0bO8mCQwN https://t.co/SU4K34NT4M",['doggo'],[],[],[],"['12', '10']",['12'],['10']
344,831939777352105988,This is Emanuel. He's a h*ckin rare doggo. Dwells in a semi-urban environment. Round features make him extra collectible. 12/10 would so pet https://t.co/k9bzgyVdUT,['doggo'],[],[],[],"['12', '10']",['12'],['10']
345,831926988323639298,@UNC can confirm 12/10,[],[],[],[],"['12', '10']",['12'],['10']
346,831911600680497154,Meet Kuyu. He was trapped in a well for 10 days. Rescued yesterday using a device designed by a local robotics team. 14/10 for all involved https://t.co/l38R6IZNNg,[],[],[],[],"['10', '14', '10']",['10'],"['14', '10']"
347,831670449226514432,This is Daisy. She has a heart on her butt. 13/10 topical af https://t.co/u6p4LxzHKg,[],[],[],[],"['13', '10']",['13'],['10']
348,831650051525054464,"I usually only share these on Friday's, but this is Blue. He's a very smoochable pooch who needs your help. 13/10

https://t.co/piiX0ke8Z6 https://t.co/1UHrKcaCiO",[],[],[],[],"['13', '10']",['13'],['10']
349,831552930092285952,This is Dutch. He dressed up as his favorite emoji for Valentine's Day. I've got heart eyes for his heart eyes. 13/10 https://t.co/BCbmFYLrse,[],[],[],[],"['13', '10']",['13'],['10']
350,831322785565769729,This is Pete. He has no eyes. Needs a guide doggo. Also appears to be considerably fluffy af. 12/10 would hug softly https://t.co/Xc0gyovCtK,['doggo'],[],[],[],"['12', '10']",['12'],['10']
351,831315979191906304,I couldn't make it to the #WKCDogShow BUT I have people there on the ground relaying me the finest pupper pics possible. 13/10 for all https://t.co/jd6lYhfdH4,[],[],['pupper'],[],"['13', '10']",['13'],['10']
352,831309418084069378,This is Scooter and his son Montoya.  Scooter is a wonderful father. He takes very good care of Montoya. Both 12/10 would pet at same time https://t.co/ghqMfxxa4V,[],[],[],[],"['12', '10']",['12'],['10']
353,831262627380748289,This is Tucker. He's feeling h*ckin festive and his owners don't have the heart to tell him Christmas is over. 12/10 https://t.co/zqR5XKMpuY,[],[],[],[],"['12', '10']",['12'],['10']
354,830956169170665475,Say hello to Reggie. He hates puns. 12/10 lighten pup Reggie https://t.co/X4vNEzAod5,[],[],[],[],"['12', '10']",['12'],['10']
355,830583320585068544,This is Lilly. She just parallel barked. Kindly requests a reward now. 13/10 would pet so well https://t.co/SATN4If5H5,[],[],[],[],"['13', '10']",['13'],['10']
356,830173239259324417,RT @dog_rates: This is Kyro. He's a Stratocumulus Flop. Tongue ejects at random. Serious h*ckin condition. Still 12/10 would pet passionateâ€¦,[],[],[],[],"['12', '10']",['12'],['10']
357,830097400375152640,"Meet Samson. He's absolute fluffy perfection. Easily 13/10, but he needs your help. Click the link to find out more

https://t.co/z82hCtwhpn https://t.co/KoWrMkbMbW",[],[],[],[],"['13', '10']",['13'],['10']
358,829878982036299777,RT @dog_rates: This is Loki. He smiles like Elvis. Ain't nothin but a hound doggo. 12/10 https://t.co/QV5nx6otZR,['doggo'],[],[],[],"['12', '10']",['12'],['10']
359,829861396166877184,This is Mia. She already knows she's a good dog. You don't have to tell her. 12/10 would probably tell her anyway https://t.co/xeudgDXmTU,[],[],[],[],"['12', '10']",['12'],['10']
360,829501995190984704,This is Leo. He was a skater pup. She said see ya later pup. He wasn't good enough for her. 12/10 you're good enough for me Leo https://t.co/Xw9JbJHTul,[],[],[],[],"['12', '10']",['12'],['10']
361,829449946868879360,Here's a stressed doggo. Had a long day. Many things on her mind. The hat communicates these feelings exquisitely. 11/10 https://t.co/fmRS43mWQB,['doggo'],[],[],[],"['11', '10']",['11'],['10']
362,829374341691346946,This is Astrid. She's a guide doggo in training. 13/10 would follow anywhere https://t.co/xo7FZFIAao,['doggo'],[],[],[],"['13', '10']",['13'],['10']
363,829141528400556032,This is Malcolm. He goes from sneaky tongue slip to flirt wink city in a matter of seconds. 12/10 would hug softly https://t.co/rHwfySggqR,[],[],[],[],"['12', '10']",['12'],['10']
364,829011960981237760,This is Dexter. He was reunited with his mom yesterday after she was stuck in Iran during the travel Bannon. 13/10 welcome home https://t.co/U50RlRw4is,[],[],[],[],"['13', '10']",['13'],['10']
365,828801551087042563,"RT @dog_rates: This is Gus. He likes to be close to you, which is good because you want to be close to Gus. 12/10 would boop then pet httpsâ€¦",[],[],[],[],"['12', '10']",['12'],['10']
366,828770345708580865,This is Alfie. He's your Lyft for tonight. Kindly requests you buckle pup and remain reasonably calm during the ride. 13/10 he must focus https://t.co/AqPTHYUBFz,[],[],[],[],"['13', '10']",['13'],['10']
367,828708714936930305,This is Fiona. She's an exotic dog. Seems rather impatient. Jaw extension on another level tho. Looks slippery. 10/10 would still pet https://t.co/vst2SEVJO3,[],[],[],[],"['10', '10']",['10'],['10']
368,828650029636317184,"Occasionally, we're sent fantastic stories. This is one of them. 14/10 for Grace https://t.co/bZ4axuH6OK",[],[],[],[],"['14', '10']",['14'],['10']
369,828409743546925057,This is Mutt Ryan. He's quite confident at the moment. 12/10 rise pup! https://t.co/ZH5CvRlCxt,[],[],[],[],"['12', '10']",['12'],['10']
370,828408677031882754,This is Bear. He went outside to play in the snow. Needed a break from the game. Feeling a tad better now. 12/10  deep breaths Bear https://t.co/7WFLKli2T3,[],[],[],[],"['12', '10']",['12'],['10']
371,828381636999917570,Meet Doobert. He's a deaf doggo. Didn't stop him on the field tho. Absolute legend today. 14/10 would pat head approvingly https://t.co/iCk7zstRA9,['doggo'],[],[],[],"['14', '10']",['14'],['10']
372,828376505180889089,"This is Beebop. Her name means ""Good Dog"" in robot. She also was a star on the field today. 13/10 would pet well https://t.co/HKBVZqXFNR",[],[],[],[],"['13', '10']",['13'],['10']
373,828372645993398273,This is Alexander Hamilpup. He was one of the many stars in this year's Puppy Bowl. He just hopes both teams had fun. 12/10 https://t.co/JcTuUcyYNS,[],[],[],[],"['12', '10']",['12'],['10']
374,828361771580813312,Beebop and Doobert should start a band 12/10 would listen,[],[],[],[],"['12', '10']",['12'],['10']
375,828046555563323392,This is Sailer. He waits on the roof for his owners to come home. Nobody knows how he gets up there. H*ckin loyal af. 13/10 https://t.co/O37z4jaMG9,[],[],[],[],"['13', '10']",['13'],['10']
376,828011680017821696,Say hello to Brutus and Jersey. They think they're the same size. Best furiends furever. Both 11/10 would pet simultaneously https://t.co/rkhCFfDtxB,[],[],[],[],"['11', '10']",['11'],['10']
377,827933404142436356,This is Kona. Yesterday she stopped by the department to see what it takes to be a police pupper. 12/10 vest was only a smidge too big https://t.co/j8D3PQJvpJ,[],[],['pupper'],[],"['12', '10']",['12'],['10']
378,827653905312006145,This is Boots. She doesn't know what to do with treats so she just holds them. Very good girl. 12/10 would give more treats https://t.co/eAA8lratd3,[],[],[],[],"['12', '10']",['12'],['10']
379,827600520311402496,Meet Tucker. It's his birthday. He's pupset with you because you're too busy playing @GoodDogsGame to celebrate. 13/10 would put down phone https://t.co/vrppizPGdb,[],[],[],[],"['13', '10']",['13'],['10']
380,827324948884643840,"This is Ralphie. He's being treated for an overactive funny bone, which is no joke. 12/10 would try to pet with a straight face https://t.co/UU3KqQF5n5",[],[],[],[],"['12', '10']",['12'],['10']
381,827228250799742977,RT @dog_rates: This is Phil. He's an important dog. Can control the seasons. Magical as hell. 12/10 would let him sign my forehead https://â€¦,[],[],[],[],"['12', '10']",['12'],['10']
382,827199976799354881,This is Charlie. He wins every game of chess he plays. Won't let opponent pet him until they forfeit. 13/10 you win again Charlie https://t.co/UkyQibIBzZ,[],[],[],[],"['13', '10']",['13'],['10']
383,826958653328592898,This is Loki. He smiles like Elvis. Ain't nothin but a hound doggo. 12/10 https://t.co/QV5nx6otZR,['doggo'],[],[],[],"['12', '10']",['12'],['10']
384,826848821049180160,This is Cupid. He was found in the trash. Now he's well on his way to prosthetic front legs and a long happy doggo life. 13/10 heroic af https://t.co/WS0Gha8vRh,['doggo'],[],[],[],"['13', '10']",['13'],['10']
385,826615380357632002,"RT @dog_rates: Please only send in dogs. We only rate dogs, not seemingly heartbroken ewoks. Thank you... still 10/10 would console https:/â€¦",[],[],[],[],"['10', '10']",['10'],['10']
386,826598799820865537,"I was going to do 007/10, but the joke wasn't worth the &lt;10 rating",[],[],[],[],"['007', '10', '10']",['007'],"['10', '10']"
387,826598365270007810,This is Pawnd... James Pawnd. He's suave af. 13/10 would trust with my life https://t.co/YprN62Z74I,[],[],[],[],"['13', '10']",['13'],['10']
388,826476773533745153,This is Pilot. He has mastered the synchronized head tilt and sneaky tongue slip. Usually not unlocked until later doggo days. 12/10 https://t.co/YIV8sw8xkh,['doggo'],[],[],[],"['12', '10']",['12'],['10']
389,826240494070030336,We only rate dogs. Please don't send in any more non-dogs like this Wild Albanian Street Moose. Thank you... 11/10 https://t.co/srXL2s868C,[],[],[],[],"['11', '10']",['11'],['10']
390,826204788643753985,"Here's a little more info on Dew, your favorite roaming doggo that went h*ckin viral. 13/10 
https://t.co/1httNYrCeW https://t.co/KvaM8j3jhX",['doggo'],[],[],[],"['13', '10']",['13'],['10']
391,826115272272650244,This is Ike. He's demonstrating the pupmost restraint. 13/10 super good boy https://t.co/6gHoGah9nm,[],[],[],[],"['13', '10']",['13'],['10']
392,825876512159186944,This is Mo. No one will push him around in the grocery cart. He's quite pupset about it. 11/10 I volunteer https://t.co/feNwTq12S5,[],[],[],[],"['11', '10']",['11'],['10']
393,825829644528148480,This is Toby. He just found out you only pretend to throw the ball sometimes. H*ckin puppalled. 12/10 would console https://t.co/YimNdkZrhM,[],[],[],[],"['12', '10']",['12'],['10']
394,825535076884762624,Here's a very loving and accepting puppo. Appears to have read her Constitution well. 14/10 would pat head approvingly https://t.co/6ao80wIpV1,[],[],[],['puppo'],"['14', '10']",['14'],['10']
395,825147591692263424,This is Sweet Pea. She hides in shoe boxes and waits for someone to pick her. Then she surpuprises them. 13/10 https://t.co/AyBEmx56MD,[],[],[],[],"['13', '10']",['13'],['10']
396,825120256414846976,"RT @dog_rates: Say hello to Pablo. He's one gorgeous puppo. A true 12/10. Click the link to see why Pablo requests your assistance

https:/â€¦",[],[],[],['puppo'],"['12', '10']",['12'],['10']
397,825026590719483904,"Say hello to Pablo. He's one gorgeous puppo. A true 12/10. Click the link to see why Pablo requests your assistance

https://t.co/koHvVQp9bL https://t.co/IhW0JKf7kc",[],[],[],['puppo'],"['12', '10']",['12'],['10']
398,824796380199809024,RT @dog_rates: This is Bailey. She loves going down slides but is very bad at it. Still 11/10 https://t.co/ivPWhspN3E,[],[],[],[],"['11', '10']",['11'],['10']
399,824775126675836928,This is Scooter. His lack of opposable thumbs is rendering his resistance to tickling embarrassingly moot. 12/10 would keep tickling https://t.co/F0VWg2GztI,[],[],[],[],"['12', '10']",['12'],['10']
400,824663926340194305,This is Wilson. Named after the volleyball. He tongue wrestled a bee and lost. 13/10 valiant effort tho https://t.co/A5Mx4h1FSM,[],[],[],[],"['13', '10']",['13'],['10']
401,824325613288833024,Retweet the h*ck out of this 13/10 pupper #BellLetsTalk https://t.co/wBmc7OaGvS,[],[],['pupper'],[],"['13', '10']",['13'],['10']
402,824297048279236611,This is Nala. She got in trouble. One h*ck of a pupnishment. Still 11/10 would pet https://t.co/EmJbG0skLt,[],[],[],[],"['11', '10']",['11'],['10']
403,824025158776213504,"""I wish we were dogs"" 14/10 for @BadlandsNPS https://t.co/50qq2DItPW",[],[],[],[],"['14', '10']",['14'],['10']
404,823939628516474880,This is Cash. He's officially given pup on today. 12/10 frighteningly relatable https://t.co/m0hrATIEyw,[],[],[],[],"['12', '10']",['12'],['10']
405,823719002937630720,RT @dog_rates: This is Balto. He's very content. Legendary tongue slippage. 12/10 would pet forever https://t.co/T7Jr4Gw4sC,[],[],[],[],"['12', '10']",['12'],['10']
406,823699002998870016,This is Winston. The goggles make him a superhero. Protects the entire city from criminals unless they rub his belly really well. 12/10 https://t.co/yCydYURYEL,[],[],[],[],"['12', '10']",['12'],['10']
407,823581115634085888,This is Crawford. He's quite h*ckin good at the selfies. Nose is incredibly boopable. 11/10 would snapchat https://t.co/6F5Rrp472U,[],[],[],[],"['11', '10']",['11'],['10']
408,823333489516937216,@HistoryInPics 13/10,[],[],[],[],"['13', '10']",['13'],['10']
409,823322678127919110,This is Wyatt. He's got the fastest paws in the West. H*ckin deadly. 11/10 would ride into the sunset with https://t.co/stkJ377KK7,[],[],[],[],"['11', '10']",['11'],['10']
410,823269594223824897,RT @dog_rates: We only rate dogs. Please don't send pics of men capturing low level clouds. Thank you... 11/10 https://t.co/rLi83ZyCL5,[],[],[],[],"['11', '10']",['11'],['10']
411,822975315408461824,This is Albus. He's soaked as h*ck. Seems to have misplaced an ear as well. Still in good spirits tho. 12/10 would dry https://t.co/yUM8jYStuG,[],[],[],[],"['12', '10']",['12'],['10']
412,822872901745569793,Here's a super supportive puppo participating in the Toronto  #WomensMarch today. 13/10 https://t.co/nTz3FtorBc,[],[],[],['puppo'],"['13', '10']",['13'],['10']
413,822859134160621569,This is Hobbes. He was told he was going to the park. Ended up at the vet. H*ckin bamboozled. Quite pupset with you. 12/10 https://t.co/SSQE06XClS,[],[],[],[],"['12', '10']",['12'],['10']
414,822647212903690241,RT @dog_rates: This is Paisley. She really wanted to be president this time. Dreams officially crushed. 13/10 https://t.co/liJGwMp17E,[],[],[],[],"['13', '10']",['13'],['10']
415,822610361945911296,Please stop sending in non-canines like this Very Pettable Dozing Bath Tortoise. We only rate dogs. Only send dogs... 12/10 https://t.co/mcagPeENIh,[],[],[],[],"['12', '10']",['12'],['10']
416,822489057087389700,This is Paisley. She really wanted to be president this time. Dreams officially crushed. 13/10 https://t.co/liJGwMp17E,[],[],[],[],"['13', '10']",['13'],['10']
417,822462944365645825,"This is Gabe. He was the unequivocal embodiment of a dream meme, but also one h*ck of a pupper. You will be missed by so many. 14/10 RIP https://t.co/M3hZGadUuO",[],[],['pupper'],[],"['14', '10']",['14'],['10']
418,822244816520155136,We only rate dogs. Please don't send pics of men capturing low level clouds. Thank you... 11/10 https://t.co/rLi83ZyCL5,[],[],[],[],"['11', '10']",['11'],['10']
419,822163064745328640,RT @dog_rates: This is Mattie. She's extremely dangerous. Will bite your h*ckin finger right off. Still 11/10 would pet with caution https:â€¦,[],[],[],[],"['11', '10']",['11'],['10']
420,821886076407029760,This is Jimison. He was just called a good boy. 13/10 https://t.co/djMep7mGkV,[],[],[],[],"['13', '10']",['13'],['10']
421,821813639212650496,RT @dog_rates: Meet Hercules. He can have whatever he wants for the rest of eternity. 12/10 would snug passionately https://t.co/mH0IOyFdIG,[],[],[],[],"['12', '10']",['12'],['10']
422,821765923262631936,This is Duchess. She uses dark doggo forces to levitate her toys. 13/10 magical af https://t.co/maDNMETA52,['doggo'],[],[],[],"['13', '10']",['13'],['10']
423,821522889702862852,This is Harlso. He has a really good idea but isn't sure you're going to like it. 13/10 he'll just keep it to himself https://t.co/IzcaR3Nqyn,[],[],[],[],"['13', '10']",['13'],['10']
424,821421320206483457,RT @dog_rates: This is Sampson. He just graduated. Ready to be a doggo now. Time for the real world. 12/10 have fun with taxes https://t.coâ€¦,['doggo'],[],[],[],"['12', '10']",['12'],['10']
425,821407182352777218,This is Sundance. He's a doggo drummer. Even sings a bit on the side. 14/10 entertained af (vid by @sweetsundance) https://t.co/Xn5AQtiqzG,['doggo'],[],[],[],"['14', '10']",['14'],['10']
426,821153421864615936,@imgur for a polar bear tho I'd say 13/10 is appropriate,[],[],[],[],"['13', '10']",['13'],['10']
427,821149554670182400,This is Luca. He got caught howling. H*ckin embarrassed. 12/10 https://t.co/r8DxA8DYJ2,[],[],[],[],"['12', '10']",['12'],['10']
428,821107785811234820,Here's a doggo who looks like he's about to give you a list of mythical ingredients to go collect for his potion. 11/10 would obey https://t.co/8SiwKDlRcl,['doggo'],[],[],[],"['11', '10']",['11'],['10']
429,821044531881721856,This is Flash. He went way too hard celebrating Martin Luther King Day last night. 12/10 now he's having a dream in his honor https://t.co/bryVdNaRcu,[],[],[],[],"['12', '10']",['12'],['10']
430,820837357901512704,RT @dog_rates: This is Finn. He's wondering if you come here often. Fr*ckin flirtatious af. 12/10 would give number to https://t.co/ii5eNX5â€¦,[],[],[],[],"['12', '10']",['12'],['10']
431,820749716845686786,Meet Sunny. He can take down a polar bear in one fell swoop. Fr*cken deadly af. 13/10 would pet with caution https://t.co/EMq8Ud6Ze1,[],[],[],[],"['13', '10']",['13'],['10']
432,820690176645140481,The floofs have been released I repeat the floofs have been released. 84/70 https://t.co/NIYC820tmd,[],[],[],[],"['84', '70']",['84'],['70']
433,820494788566847489,"RT @dog_rates: We are proud to support @LoveYourMelon on their mission to put a hat on every kid battling cancer. They are 14/10

https://tâ€¦",[],[],[],[],"['14', '10']",['14'],['10']
434,820446719150292993,RT @dog_rates: This is Peaches. She's the ultimate selfie sidekick. Super sneaky tongue slip appreciated. 13/10 https://t.co/pbKOesr8Tg,[],[],[],[],"['13', '10']",['13'],['10']
435,820314633777061888,"We are proud to support @LoveYourMelon on their mission to put a hat on every kid battling cancer. They are 14/10

https://t.co/XQlmPTLHPl https://t.co/ZNIkkHgtYE",[],[],[],[],"['14', '10']",['14'],['10']
436,820078625395449857,I've never wanted to go to a camp more in my entire life. 12/10 for all on board https://t.co/wJZlpGFEbD,[],[],[],[],"['12', '10']",['12'],['10']
437,820013781606658049,"RT @dog_rates: This is Oliver. He has dreams of being a service puppo so he can help his owner. 13/10 selfless af

make it happen:
https://â€¦",[],[],[],['puppo'],"['13', '10']",['13'],['10']
438,819952236453363712,"This is Oliver. He has dreams of being a service puppo so he can help his owner. 13/10 selfless af

make it happen:
https://t.co/f5WMsx0a9K https://t.co/6lJz0DKZIb",[],[],[],['puppo'],"['13', '10']",['13'],['10']
439,819924195358416896,Here we have a doggo who has messed up. He was hoping you wouldn't notice. 11/10 someone help him https://t.co/XdRNXNYD4E,['doggo'],[],[],[],"['11', '10']",['11'],['10']
440,819711362133872643,This is Howie. He just bloomed. 11/10 revolutionary af https://t.co/m5fYxrO3IU,[],[],[],[],"['11', '10']",['11'],['10']
441,819588359383371776,This is Jazzy. She just found out that sandwich wasn't for her. Shocked and puppalled. 13/10 deep breaths Jazzy https://t.co/52cItP0vIO,[],[],[],[],"['13', '10']",['13'],['10']
442,819347104292290561,Say hello to Anna and Elsa. They fall asleep in similar positions. It's pretty wild. Both 12/10 would snug simultaneously https://t.co/8rUL99bX4W,[],[],[],[],"['12', '10']",['12'],['10']
443,819238181065359361,"Some happy pupper news to share. 10/10 for everyone involved 
https://t.co/MefMAZX2uv",[],[],['pupper'],[],"['10', '10']",['10'],['10']
444,819227688460238848,This is Finn. He's wondering if you come here often. Fr*ckin flirtatious af. 12/10 would give number to https://t.co/ii5eNX5LJT,[],[],[],[],"['12', '10']",['12'],['10']
445,819015337530290176,RT @dog_rates: This is Bo. He was a very good First Doggo. 14/10 would be an absolute honor to pet https://t.co/AdPKrI8BZ1,['Doggo'],[],[],[],"['14', '10']",['14'],['10']
